Iteration	Posterior	Likelihood	Prior	rate_log_sd	rate_neo	tree_length
0	-2356.624	-2428.148	71.52462	1.341268	0.2060716	2.132873
6	-2363.008	-2434.905	71.89655	1.38995	0.2409532	1.784582
12	-2369.15	-2441.427	72.27668	1.673849	0.1516557	1.502162
18	-2368.052	-2439.379	71.32644	1.538124	0.2701941	2.019721
24	-2365.583	-2437.894	72.31099	1.773383	0.1313382	1.456525
30	-2366.86	-2436.611	69.75112	1.347047	0.289338	3.092628
36	-2358.292	-2428.679	70.38771	1.366308	0.2426809	2.767986
42	-2362.943	-2433.78	70.83723	1.250012	0.2065483	2.625372
48	-2366.949	-2436.839	69.88976	1.119307	0.3021495	3.127761
54	-2372.718	-2443.218	70.49959	1.150464	0.1329348	3.038325
60	-2368.435	-2438.763	70.32806	1.063138	0.2121239	3.038325
66	-2364.642	-2435.067	70.42506	1.24522	0.2087806	2.876216
72	-2372.115	-2442.714	70.59888	1.165091	0.2409942	2.764656
78	-2359.132	-2429.86	70.72705	1.354995	0.1838755	2.670941
84	-2359.489	-2429.315	69.82638	1.244063	0.4825268	2.877691
90	-2361.587	-2432.623	71.03615	1.368265	0.190083	2.45872
96	-2355.05	-2426.441	71.39027	1.420085	0.1592384	2.26441
102	-2362.101	-2433.076	70.97506	1.429346	0.1576793	2.52438
108	-2357.986	-2428.791	70.80497	1.332099	0.2179281	2.574193
114	-2354.702	-2425.329	70.62772	1.49231	0.2179281	2.58476
120	-2359.648	-2430.802	71.15407	1.213798	0.1886165	2.484463
126	-2365.092	-2436.607	71.51494	1.668332	0.2019976	1.930298
132	-2362.939	-2435.123	72.18453	1.628482	0.2099435	1.466288
138	-2356.386	-2427.689	71.30252	1.643897	0.2872729	1.937044
144	-2358.072	-2429.34	71.26713	1.432499	0.2926605	2.092656
150	-2360.855	-2432.439	71.5833	1.531286	0.2926605	1.813624
156	-2365.613	-2437.353	71.73923	1.474577	0.2534504	1.812141
162	-2358.202	-2430.446	72.24391	1.773449	0.1626493	1.422809
168	-2361.096	-2432.498	71.40167	1.773449	0.1475814	2.053278
174	-2367.317	-2439.237	71.91915	1.753563	0.1496684	1.709064
180	-2353.107	-2424.828	71.7207	1.578407	0.1800711	1.897449
186	-2357.704	-2429.916	72.21122	1.568938	0.1800711	1.558546
192	-2352.495	-2424.606	72.11069	1.504574	0.2009982	1.63179
198	-2360.6	-2432.458	71.85798	1.624081	0.3509051	1.454688
204	-2362.619	-2434.666	72.04741	1.582758	0.2850197	1.454688
210	-2360.272	-2432.383	72.11143	1.763773	0.1592687	1.538771
216	-2359.618	-2430.433	70.81472	1.505346	0.1704385	2.550351
222	-2370.876	-2441.235	70.35919	1.225129	0.2248305	2.900536
228	-2360.585	-2430.185	69.59987	1.113776	0.2735946	3.342906
234	-2362.424	-2433.508	71.08395	1.221295	0.2524067	2.410424
240	-2372.047	-2442.713	70.66622	1.115579	0.1966059	2.830495
246	-2372.472	-2442.286	69.81385	1.27074	0.330902	3.044073
252	-2370.806	-2442.363	71.55712	1.42218	0.2436588	1.988729
258	-2371.332	-2442.787	71.45462	1.678597	0.1571316	2.059029
264	-2360.342	-2430.208	69.86521	1.162871	0.2662016	3.168036
270	-2354.707	-2424.712	70.00486	1.212249	0.2752212	3.042006
276	-2353.038	-2423.013	69.97453	1.230865	0.2302789	3.118718
282	-2352.033	-2423.335	71.30166	1.326365	0.205183	2.288273
288	-2348.432	-2419.583	71.15104	1.502073	0.2184124	2.247662
294	-2353.974	-2424.821	70.84729	1.508167	0.1682022	2.53289
300	-2354.336	-2425.784	71.44829	1.427178	0.195281	2.147618
306	-2357.297	-2428.494	71.19749	1.370489	0.2470331	2.252117
312	-2358.247	-2429.472	71.22467	1.381846	0.1879192	2.335247
318	-2366.034	-2437.154	71.11994	1.575555	0.189905	2.27452
324	-2372.078	-2443.565	71.48664	1.437227	0.3832542	1.810028
330	-2365.154	-2436.194	71.03962	1.413005	0.2123362	2.386585
336	-2366.741	-2439.021	72.27942	1.557559	0.145142	1.602856
342	-2364.32	-2435.847	71.52665	1.676398	0.3304249	1.691607
348	-2359.816	-2432.253	72.43657	1.65927	0.1697101	1.342993
354	-2362.165	-2434.429	72.26413	1.559233	0.1873806	1.509487
360	-2353.255	-2424.805	71.55017	1.488907	0.2330317	1.967872
366	-2358.484	-2430.537	72.05227	1.750609	0.2353007	1.419594
372	-2352.816	-2422.604	69.78769	1.21026	0.2156871	3.265951
378	-2353.549	-2424.431	70.88261	1.302552	0.2156871	2.548282
384	-2357.352	-2427.557	70.20427	1.275516	0.3487251	2.782378
390	-2358.937	-2429.35	70.41264	1.352406	0.2298833	2.782378
396	-2357.225	-2428.049	70.82401	1.265114	0.3038466	2.467138
402	-2363.124	-2433.826	70.70122	1.203628	0.2541608	2.657058
408	-2373.653	-2444.109	70.45652	1.23976	0.4196843	2.562636
414	-2366.071	-2437.774	71.70274	1.481349	0.1913074	1.951474
420	-2370.257	-2441.215	70.95773	1.362059	0.2622985	2.385192
426	-2372.65	-2444.371	71.72087	1.395479	0.2696225	1.850901
432	-2366.873	-2438.715	71.84221	1.477996	0.1551102	1.93896
438	-2361.325	-2432.833	71.50845	1.490009	0.264935	1.93896
444	-2355.242	-2426.767	71.52484	1.502975	0.2534503	1.93896
450	-2349.814	-2420.696	70.88135	1.385021	0.2415781	2.452842
456	-2353.415	-2424.32	70.90511	1.331286	0.2415781	2.471647
462	-2360.863	-2431.028	70.16448	1.145927	0.2932614	2.95992
468	-2355.694	-2425.788	70.09462	1.319331	0.251508	2.95992
474	-2350.138	-2420.306	70.16795	1.237252	0.2392804	2.984612
480	-2370.354	-2441.567	71.21276	1.486614	0.3079656	2.069372
486	-2368.59	-2440.13	71.53973	1.56579	0.2406761	1.909187
492	-2357.179	-2427.804	70.62592	1.428627	0.2459243	2.577837
498	-2358.627	-2429.905	71.27829	1.345343	0.2350592	2.236905
504	-2360.539	-2431.331	70.79153	1.520937	0.2808478	2.360656
510	-2363.643	-2434.332	70.68883	1.221908	0.147647	2.849147
516	-2359.588	-2429.775	70.18693	1.229456	0.2956645	2.892594
522	-2361.617	-2433.567	71.95008	1.482736	0.2797018	1.610762
528	-2356.748	-2428.029	71.28143	1.412758	0.1784315	2.298362
534	-2356.577	-2428.319	71.74231	1.573627	0.2867593	1.682438
540	-2357.43	-2427.5	70.0704	1.321541	0.2675776	2.948465
546	-2349.928	-2420.337	70.40936	1.227971	0.2419573	2.840162
552	-2347.124	-2416.676	69.5519	1.094778	0.2818651	3.370358
558	-2356.274	-2427.139	70.86523	1.321727	0.2216384	2.53666
564	-2363.122	-2434.848	71.72668	1.638193	0.2788254	1.661223
570	-2370.353	-2441.437	71.08406	1.257274	0.2116991	2.457859
576	-2370.635	-2441.583	70.94813	1.307647	0.4600555	2.161222
582	-2362.188	-2432.173	69.98511	1.244788	0.2421537	3.084955
588	-2368.622	-2439.431	70.80934	1.040752	0.2421537	2.710077
594	-2353.492	-2424.265	70.77251	1.270258	0.2426127	2.590583
600	-2360.918	-2431.779	70.86107	1.673142	0.1532196	2.452752
606	-2355.628	-2426.959	71.33061	1.655406	0.1146998	2.256876
612	-2358.403	-2428.997	70.59393	1.607267	0.1377322	2.693698
618	-2356.031	-2426.558	70.52661	1.531455	0.1567534	2.740138
624	-2361.676	-2433.024	71.34871	1.622783	0.1588097	2.16126
630	-2368.212	-2439.747	71.53489	1.925196	0.1307785	1.903551
636	-2366.226	-2437.278	71.0522	1.573282	0.1018259	2.518377
642	-2365.917	-2437.117	71.19993	1.608976	0.1380588	2.313075
648	-2353.727	-2424.736	71.00868	1.419988	0.1739969	2.475336
654	-2355.501	-2426.6	71.09974	1.284882	0.3050402	2.278171
660	-2362.56	-2433.359	70.79937	1.433294	0.2435453	2.470704
666	-2359.154	-2430.556	71.40234	1.362583	0.150137	2.313557
672	-2353.706	-2424.564	70.85773	1.255565	0.3074957	2.446693
678	-2353.638	-2424.128	70.48982	1.074854	0.2083861	2.940678
684	-2352.796	-2422.903	70.10689	1.153012	0.2046055	3.129762
690	-2350.707	-2420.829	70.12141	1.032676	0.2423871	3.129762
696	-2354.023	-2425.043	71.02009	1.239744	0.2481247	2.446058
702	-2352.921	-2424.199	71.2781	1.31747	0.1883277	2.341406
708	-2352.587	-2422.493	69.90532	1.252477	0.1926214	3.211719
714	-2347.52	-2418.712	71.1924	1.296132	0.2600624	2.281424
720	-2356.748	-2428.362	71.61457	1.788027	0.1365571	1.92792
726	-2357.316	-2428.696	71.37911	1.58481	0.2131562	2.054949
732	-2354.523	-2425.203	70.6805	1.257554	0.2343009	2.669037
738	-2363.06	-2433.536	70.47604	1.124024	0.2343009	2.875245
744	-2356.914	-2427.989	71.07439	1.394053	0.2152046	2.371349
750	-2365.387	-2437.256	71.86883	1.394786	0.2895258	1.714826
756	-2357.551	-2428.559	71.00829	1.433701	0.2649174	2.303314
762	-2360.958	-2432.861	71.90316	1.674075	0.1124356	1.872446
768	-2368.263	-2440.133	71.87025	1.614413	0.1400918	1.863412
774	-2365.174	-2437.208	72.03456	1.826566	0.1026844	1.703195
780	-2348.757	-2420.907	72.15053	1.554565	0.2058206	1.555943
786	-2360.257	-2431.685	71.42783	1.512556	0.127199	2.254855
792	-2354.868	-2425.008	70.13971	1.322533	0.1977663	3.021112
798	-2363.085	-2432.282	69.19699	1.285908	0.1500371	3.687876
804	-2359.069	-2427.966	68.89754	1.020525	0.2470731	3.844397
810	-2354.607	-2425.601	70.99375	1.388109	0.2126912	2.430587
816	-2351.037	-2420.871	69.83426	1.091014	0.2205794	3.300628
822	-2350.979	-2421.434	70.45505	1.245364	0.2504142	2.788237
828	-2360.157	-2432.733	72.57612	1.70496	0.2100489	1.07854
834	-2357.063	-2429.387	72.32378	1.676745	0.2549305	1.218373
840	-2355.584	-2427.94	72.35517	1.729224	0.2347847	1.192295
846	-2358.051	-2429.959	71.90737	1.807174	0.3077277	1.347593
852	-2371.942	-2444.205	72.26336	1.784789	0.1812199	1.351438
858	-2372.852	-2444.368	71.51624	1.677794	0.1812199	1.965883
864	-2363.748	-2434.754	71.00597	1.27245	0.2215464	2.479703
870	-2364.705	-2436.122	71.41717	1.636249	0.401894	1.693902
876	-2365.91	-2437.325	71.4152	1.563821	0.1761722	2.118915
882	-2366.703	-2436.091	69.3878	1.26229	0.1417835	3.608006
888	-2361.976	-2432.395	70.41936	1.132904	0.2240432	2.92121
894	-2362.045	-2431.685	69.63999	1.178865	0.2516134	3.313794
900	-2362.926	-2434.934	72.00798	1.604774	0.1743359	1.692724
906	-2365.221	-2436.086	70.86575	1.436133	0.3158541	2.315299
912	-2355.068	-2426.756	71.68856	1.633237	0.1726361	1.898254
918	-2355.422	-2426.541	71.11909	1.533386	0.2658767	2.166167
924	-2361.604	-2432.622	71.01778	1.246608	0.2808795	2.391057
930	-2361.177	-2432.14	70.96282	1.251447	0.2105438	2.539384
936	-2355.747	-2426.713	70.96638	1.406267	0.252562	2.367549
942	-2357.958	-2429.231	71.27354	1.475882	0.2205528	2.181549
948	-2364.006	-2434.137	70.13117	1.215543	0.2381413	3.021537
954	-2352.441	-2423.041	70.5999	1.361336	0.3508423	2.482376
960	-2369.321	-2439.678	70.35662	1.069065	0.3807038	2.775372
966	-2355.906	-2426.834	70.92801	1.288438	0.2172234	2.526071
972	-2351.31	-2422.693	71.38235	1.283807	0.2924209	2.114986
978	-2352.764	-2423.606	70.84163	1.410695	0.3247761	2.334174
984	-2357.27	-2428.376	71.10599	1.523162	0.2920134	2.139803
990	-2356.381	-2426.785	70.40414	1.511305	0.3304841	2.538242
996	-2352.478	-2423.184	70.70619	1.243931	0.1703231	2.778317
1002	-2362.088	-2432.866	70.77789	1.289507	0.136504	2.778317
1008	-2360.022	-2430.632	70.60961	1.690633	0.1032125	2.715825
1014	-2353.662	-2424.363	70.70038	1.308919	0.1650663	2.75279
1020	-2364.777	-2436.725	71.94782	1.657563	0.1216107	1.828256
1026	-2364.04	-2435.742	71.702	1.514732	0.3008326	1.729105
1032	-2352.752	-2424.081	71.32909	1.32304	0.224427	2.237403
1038	-2354.755	-2425.267	70.51263	1.25804	0.2828843	2.695391
1044	-2355.915	-2427.619	71.70403	1.394319	0.2149156	1.962084
1050	-2360.926	-2432.341	71.41469	1.400013	0.235997	2.111174
1056	-2351.387	-2422.148	70.76125	1.340959	0.235997	2.564728
1062	-2354.946	-2425.117	70.17018	1.198409	0.226243	3.027924
1068	-2351.814	-2421.888	70.07433	1.092431	0.226243	3.148336
1074	-2354.36	-2424.111	69.75095	0.9949023	0.226243	3.396764
1080	-2353.501	-2424.338	70.83712	1.198761	0.2004858	2.66809
1086	-2359.229	-2430.364	71.13491	1.353689	0.2045111	2.378259
1092	-2352.332	-2423.033	70.70148	1.19805	0.194187	2.763272
1098	-2352.318	-2421.996	69.67852	1.175324	0.1718791	3.42915
1104	-2361.531	-2430.62	69.08871	1.196602	0.1718791	3.759391
1110	-2356.297	-2427.603	71.30576	1.499813	0.2227726	2.140966
1116	-2369.247	-2438.574	69.32683	1.14073	0.2177238	3.573199
1122	-2362.932	-2431.993	69.06083	1.227232	0.1956511	3.714736
1128	-2369.437	-2438.652	69.21447	1.209815	0.2994298	3.476114
1134	-2356.934	-2427.497	70.5635	1.24017	0.1962118	2.817928
1140	-2358.883	-2429.086	70.20294	1.118534	0.2678921	2.99036
1146	-2372.227	-2442.253	70.02582	1.341926	0.2498043	2.99036
1152	-2359.866	-2429.971	70.10463	1.242722	0.1987649	3.088007
1158	-2354.353	-2425.349	70.99555	1.47021	0.2269591	2.352048
1164	-2359.266	-2428.215	68.94844	1.486935	0.1915443	3.63672
1170	-2354.074	-2424.455	70.38122	1.416489	0.1726532	2.866318
1176	-2364.149	-2432.556	68.4063	0.9721401	0.1927975	4.24001
1182	-2358.924	-2429.79	70.8665	1.375857	0.1885019	2.562944
1188	-2358.365	-2429.377	71.01233	1.435016	0.1591551	2.494433
1194	-2360.121	-2430.635	70.5146	1.167678	0.2024166	2.880281
1200	-2359.055	-2428.582	69.52695	1.18708	0.3417137	3.25046
1206	-2358.924	-2429.598	70.67437	1.228585	0.3081916	2.577015
1212	-2359.403	-2429.228	69.82523	1.198315	0.2464242	3.200922
1218	-2353.141	-2424.008	70.86628	1.180839	0.1853606	2.689556
1224	-2356.213	-2426.384	70.17125	1.312053	0.1983352	3.007464
1230	-2353.13	-2423.611	70.48162	1.253407	0.2704226	2.735967
1236	-2360.364	-2429.543	69.17927	1.054043	0.2311836	3.687246
1242	-2370.43	-2440.861	70.43047	1.27933	0.1672038	2.930229
1248	-2369.173	-2440.708	71.53503	1.531494	0.1970271	2.01843
1254	-2356.761	-2428.453	71.6922	1.473827	0.3076076	1.753691
1260	-2356.613	-2428.613	72.00011	1.620195	0.1204351	1.821137
1266	-2356.041	-2427.113	71.0727	1.558573	0.1459321	2.407758
1272	-2357.51	-2427.399	69.88945	1.14744	0.3763216	3.015671
1278	-2360.765	-2431.166	70.40126	1.218533	0.2122362	2.900682
1284	-2360.315	-2429.863	69.54819	1.24967	0.1367296	3.532792
1290	-2353.495	-2425.452	71.95708	1.52653	0.1708864	1.791167
1296	-2355.061	-2426.46	71.39838	1.384652	0.2544092	2.100006
1302	-2357.667	-2429.683	72.01608	1.601248	0.1947483	1.643827
1308	-2360.936	-2432.217	71.28113	1.601248	0.1799345	2.174079
1314	-2352.549	-2423.504	70.95498	1.316698	0.212397	2.500228
1320	-2355.036	-2426.425	71.38874	1.482794	0.2067967	2.127792
1326	-2358.626	-2429.892	71.26667	1.620011	0.1771128	2.177131
1332	-2355.157	-2426.555	71.398	1.539699	0.1615775	2.177131
1338	-2358.114	-2429.934	71.81996	1.581923	0.2050594	1.774341
1344	-2363.722	-2434.65	70.92812	1.328641	0.2218725	2.492689
1350	-2364.542	-2434.213	69.67048	1.206376	0.2783311	3.239818
1356	-2362.829	-2432.736	69.90718	1.135954	0.4493287	2.92901
1362	-2358.669	-2429.556	70.88783	1.394599	0.3189733	2.323236
1368	-2360.142	-2431.533	71.39089	1.517996	0.3260112	1.90221
1374	-2357.141	-2428.821	71.68036	1.452281	0.3105251	1.77234
1380	-2357.073	-2428.917	71.84332	1.522076	0.1641353	1.887654
1386	-2356.407	-2427.249	70.84245	1.484645	0.2342102	2.427136
1392	-2351.987	-2423.326	71.33898	1.319088	0.1964516	2.285705
1398	-2359.499	-2430.582	71.08276	1.390433	0.3311893	2.183273
1404	-2355.541	-2424.818	69.27704	1.029051	0.3371452	3.495712
1410	-2358.251	-2427.468	69.21716	0.9718796	0.2599822	3.668804
1416	-2358.221	-2428.816	70.59435	1.275367	0.2187626	2.737425
1422	-2357.613	-2428.621	71.00784	1.359595	0.346154	2.230804
1428	-2353.594	-2424.318	70.72397	1.177821	0.2128555	2.728127
1434	-2356.033	-2427.435	71.40263	1.273705	0.1938237	2.279107
1440	-2354.971	-2426.006	71.03444	1.197536	0.2477505	2.464165
1446	-2358.082	-2428.623	70.5404	1.316121	0.1895495	2.79815
1452	-2363.339	-2432.798	69.45923	1.015125	0.2022227	3.595417
1458	-2369.42	-2438.223	68.80261	1.203549	0.227283	3.82447
1464	-2368.336	-2440.757	72.42128	1.937741	0.1769082	1.099885
1470	-2370.412	-2441.771	71.35836	1.3297	0.1946737	2.26994
1476	-2359.994	-2430.195	70.20156	1.348093	0.2516944	2.877746
1482	-2365.086	-2434.991	69.90562	1.465906	0.1263533	3.218873
1488	-2364.603	-2435.639	71.03611	1.418707	0.1335379	2.546536
1494	-2368.576	-2437.056	68.47974	0.9237978	0.2571815	4.123568
1500	-2362.231	-2431.639	69.40808	0.8498899	0.3868883	3.463907
1506	-2358.992	-2429.825	70.83231	1.193666	0.3036836	2.506896
1512	-2354.991	-2425.773	70.78136	1.238489	0.199449	2.679853
1518	-2353.202	-2422.997	69.79491	1.180832	0.2632886	3.203431
1524	-2353.168	-2424.347	71.17924	1.228386	0.3027073	2.266878
1530	-2353.282	-2422.661	69.37871	1.265743	0.2694749	3.389542
1536	-2352.278	-2424.232	71.95458	1.26832	0.2584908	1.79687
1542	-2352.512	-2423.989	71.4762	1.377545	0.24931	2.062199
1548	-2354.775	-2426.301	71.52576	1.322134	0.2515484	2.062199
1554	-2351.947	-2423.07	71.12344	1.403818	0.2588347	2.258606
1560	-2352.197	-2422.94	70.74384	1.342962	0.168595	2.698183
1566	-2350.872	-2421.978	71.10652	1.516367	0.1259392	2.459432
1572	-2353.095	-2423.669	70.57454	1.373715	0.1649728	2.790222
1578	-2358.536	-2428.896	70.35982	1.34115	0.2734245	2.752237
1584	-2355.629	-2425.511	69.88283	1.19674	0.2028362	3.23983
1590	-2345.18	-2414.923	69.74236	1.265065	0.2028362	3.28243
1596	-2343.561	-2413.917	70.35546	1.242021	0.2084268	2.920825
1602	-2351.691	-2422.836	71.14505	1.35201	0.2258976	2.334025
1608	-2360.927	-2432.036	71.10825	1.170164	0.2258976	2.472084
1614	-2353.368	-2424.677	71.30943	1.470373	0.216933	2.168491
1620	-2359.068	-2430.038	70.96987	1.121521	0.2563319	2.538078
1626	-2363.947	-2433.199	69.25226	0.9669768	0.3280478	3.557863
1632	-2353.52	-2424.863	71.34235	1.417713	0.253518	2.11657
1638	-2355.43	-2426.484	71.05411	1.103794	0.3567729	2.35056
1644	-2360.529	-2430.268	69.73927	1.160706	0.2150323	3.324809
1650	-2357.95	-2427.272	69.32211	1.170005	0.257952	3.495698
1656	-2364.96	-2435.165	70.20495	1.0055	0.2559161	3.075037
1662	-2364.366	-2435.487	71.12057	1.25454	0.1822125	2.492438
1668	-2368.774	-2440.111	71.33652	1.515722	0.160226	2.235332
1674	-2372.097	-2443.487	71.38906	1.5916	0.2627871	1.954588
1680	-2365.953	-2434.769	68.81559	1.110807	0.2034638	3.909417
1686	-2357.611	-2426.934	69.32345	0.9292085	0.2034638	3.721682
1692	-2370.011	-2439.666	69.655	1.103718	0.257511	3.340212
1698	-2363.338	-2434.355	71.01685	1.198939	0.2035922	2.551103
1704	-2355.11	-2426.265	71.15518	1.255532	0.2645413	2.323872
1710	-2362.713	-2433.543	70.83027	1.34091	0.124319	2.742952
1716	-2365.699	-2436.595	70.89615	1.314261	0.3758788	2.292201
1722	-2363.903	-2435.152	71.24818	1.338489	0.2173507	2.292201
1728	-2373.13	-2443.722	70.59237	1.312149	0.283711	2.611693
1734	-2353.267	-2424.84	71.57266	1.384323	0.1607215	2.166481
1740	-2356.786	-2426.947	70.16138	1.197893	0.2181483	3.047104
1746	-2356.929	-2427.767	70.83785	1.275328	0.2049699	2.612207
1752	-2352.958	-2423.966	71.0082	1.323415	0.2257888	2.438871
1758	-2353.26	-2424.468	71.20809	1.221785	0.225412	2.377529
1764	-2359.047	-2430.462	71.41434	1.555134	0.1878838	2.100965
1770	-2363.977	-2435.728	71.75078	1.527754	0.1470614	1.985779
1776	-2350.856	-2421.227	70.37104	1.408523	0.1554681	2.912014
1782	-2358.15	-2429.061	70.91084	1.495907	0.2346893	2.376016
1788	-2355.39	-2426.705	71.315	1.638796	0.1912845	2.104376
1794	-2359.783	-2432.045	72.2614	1.638854	0.3189664	1.172357
1800	-2359.205	-2431.287	72.08288	1.36735	0.2837715	1.590923
1806	-2361.576	-2433.498	71.92215	1.477109	0.3274339	1.554532
1812	-2358.503	-2430.153	71.64965	1.377826	0.1285062	2.195489
1818	-2362.685	-2433.917	71.2317	1.371362	0.2591749	2.209213
1824	-2359.514	-2431.025	71.51153	1.474606	0.2685229	1.941194
1830	-2356.842	-2429.287	72.44538	1.782675	0.2443169	1.03873
1836	-2362.016	-2434.363	72.3468	1.858749	0.1654803	1.265342
1842	-2361.321	-2433.385	72.06414	1.74704	0.131011	1.658735
1848	-2354.319	-2426.514	72.19465	1.601768	0.289232	1.316673
1854	-2366.055	-2438.226	72.17112	1.599411	0.1876899	1.548027
1860	-2363.632	-2434.953	71.32098	1.384424	0.1772416	2.293622
1866	-2362.984	-2433.107	70.12337	1.162207	0.1793505	3.160466
1872	-2373.581	-2445.492	71.91139	1.296336	0.2306707	1.858074
1878	-2366.311	-2437.484	71.17362	1.428245	0.2205658	2.276645
1884	-2356.766	-2427.83	71.06406	1.382295	0.2583586	2.311166
1890	-2361.031	-2431.824	70.7938	1.449588	0.1453588	2.650803
1896	-2366.799	-2438.635	71.83593	1.426176	0.2680288	1.752771
1902	-2353.112	-2423.951	70.83901	1.328415	0.1766209	2.632509
1908	-2360.42	-2431.425	71.00491	1.682747	0.181894	2.295513
1914	-2345.064	-2416.369	71.30581	1.383805	0.1977032	2.26307
1920	-2351.041	-2421.502	70.46098	1.215425	0.2258127	2.843126
1926	-2352.848	-2422.768	69.91991	1.173074	0.3109469	3.065674
1932	-2362.387	-2433.296	70.90819	1.500339	0.1743417	2.487248
1938	-2355.057	-2425.661	70.60374	1.247121	0.2629383	2.676448
1944	-2360.735	-2431.49	70.75538	1.49722	0.2629383	2.426577
1950	-2352.266	-2423.302	71.03586	1.425097	0.2113049	2.383195
1956	-2349.702	-2420.571	70.86918	1.415433	0.2897166	2.364791
1962	-2357.985	-2428.302	70.31758	1.496218	0.1542917	2.893783
1968	-2356.893	-2428.261	71.36853	1.47445	0.3820839	1.86717
1974	-2354.316	-2426.211	71.89441	1.465175	0.2519472	1.713101
1980	-2360.76	-2432.449	71.68867	1.636386	0.1899148	1.858803
1986	-2366.102	-2437.603	71.50018	1.51991	0.2015245	2.040303
1992	-2364.912	-2436.165	71.25332	1.517751	0.1604674	2.286916
1998	-2356.065	-2427.696	71.63071	1.524227	0.1891672	1.97545
2004	-2365.97	-2436.681	70.71026	1.533616	0.1410527	2.660026
2010	-2367.954	-2438.57	70.61559	1.080213	0.2381446	2.810847
2016	-2357.165	-2428.56	71.39487	1.443007	0.1931876	2.176206
2022	-2355.893	-2426.768	70.8745	1.345471	0.1501573	2.654786
2028	-2351.771	-2422.357	70.58604	1.351966	0.2499507	2.64337
2034	-2360.883	-2431.848	70.96502	1.476408	0.2805314	2.278951
2040	-2361.726	-2433.906	72.17951	1.740008	0.2014921	1.403614
2046	-2358.921	-2430.696	71.77487	1.61578	0.3362257	1.546728
2052	-2370.688	-2442.11	71.42152	1.475898	0.2816235	1.979086
2058	-2370.942	-2442.568	71.62612	1.904641	0.1253194	1.869576
2064	-2356.897	-2427.639	70.7418	1.316238	0.2524254	2.5651
2070	-2361.389	-2433.107	71.71829	1.540222	0.1639485	1.960291
2076	-2357.932	-2428.848	70.91656	1.455965	0.1701413	2.51828
2082	-2368.194	-2436.915	68.72101	1.38977	0.1347458	3.933744
2088	-2355.491	-2424.831	69.33944	1.222287	0.201375	3.546077
2094	-2358.902	-2429.412	70.50955	1.217504	0.18725	2.881034
2100	-2360.63	-2431.081	70.45101	1.249569	0.2063359	2.862198
2106	-2361.775	-2432.328	70.55279	1.275873	0.3074941	2.623989
2112	-2362.481	-2431.486	69.00494	1.169198	0.1599122	3.846275
2118	-2360.969	-2431.597	70.62765	1.270645	0.1599122	2.830944
2124	-2357.838	-2427.087	69.24961	1.096143	0.2172013	3.644761
2130	-2366.435	-2437.217	70.78195	1.156599	0.3115714	2.550113
2136	-2361.046	-2431.415	70.36964	1.245689	0.2408681	2.855271
2142	-2356.565	-2427.831	71.26633	1.27101	0.2997092	2.187743
2148	-2360.11	-2429.387	69.27695	1.08691	0.2188237	3.631594
2154	-2356.163	-2427.756	71.59373	1.347402	0.2554	1.993701
2160	-2355.324	-2426.981	71.65664	1.634	0.4254282	1.488483
2166	-2366.191	-2438.014	71.82201	1.469434	0.3128642	1.656478
2172	-2365.642	-2436.12	70.47892	1.067065	0.272048	2.848649
2178	-2355.264	-2425.286	70.02163	1.060525	0.2561463	3.151108
2184	-2372.247	-2441.852	69.60479	1.189246	0.386922	3.148032
2190	-2368.839	-2439.784	70.94467	1.408822	0.1437419	2.58633
2196	-2361.496	-2432.4	70.90391	1.287172	0.2336879	2.513298
2202	-2353.011	-2424.925	71.9147	1.48029	0.1814742	1.828886
2208	-2360.16	-2431.742	71.58208	1.463946	0.2300264	1.968731
2214	-2370.653	-2441.804	71.15106	1.421888	0.1685092	2.395821
2220	-2359.419	-2430.06	70.64086	1.302588	0.1896581	2.744912
2226	-2363.451	-2435.318	71.86687	1.5459	0.1894069	1.799529
2232	-2364.372	-2435.097	70.72493	1.261985	0.2720828	2.57828
2238	-2366.408	-2436.468	70.06014	1.298237	0.2390359	3.013102
2244	-2367.252	-2438.831	71.57844	1.519527	0.156803	2.083004
2250	-2365.401	-2436.163	70.76199	1.700058	0.11009	2.598675
2256	-2363.19	-2435.234	72.04332	1.678077	0.1599377	1.649191
2262	-2365.627	-2437.386	71.75883	1.680507	0.1795882	1.802412
2268	-2360.295	-2432.014	71.71806	1.545184	0.160226	1.96551
2274	-2359.391	-2431.16	71.76878	1.721926	0.1177027	1.916938
2280	-2356.7	-2426.641	69.94067	1.158509	0.1726762	3.283482
2286	-2355.429	-2425.104	69.67506	1.256361	0.2028435	3.327199
2292	-2354.495	-2424.802	70.30738	1.139423	0.2284497	2.977335
2298	-2355.819	-2425.903	70.0837	1.044629	0.2137561	3.192094
2304	-2366.089	-2437.886	71.79726	1.807542	0.1803958	1.684596
2310	-2358.096	-2430.234	72.13718	1.892361	0.166901	1.402415
2316	-2358.103	-2430.306	72.20283	1.872309	0.1688048	1.361768
2322	-2355.241	-2426.928	71.6867	1.593551	0.2281484	1.81301
2328	-2361.344	-2431.667	70.32303	1.482616	0.326887	2.611274
2334	-2357.074	-2428.413	71.33852	1.323422	0.2379751	2.207103
2340	-2354.2	-2425.832	71.63136	1.488119	0.2678146	1.851845
2346	-2356.64	-2428.017	71.37707	1.650942	0.2159824	2.00706
2352	-2359.666	-2430.752	71.08595	1.632	0.1696394	2.301347
2358	-2356.128	-2427.296	71.16827	1.475593	0.2163917	2.257297
2364	-2362.044	-2432.909	70.86513	1.411609	0.3700082	2.257297
2370	-2367.781	-2436.87	69.08868	1.252858	0.1760782	3.719094
2376	-2359.791	-2431.155	71.36437	1.419762	0.1760782	2.245533
2382	-2354.662	-2425.803	71.14067	1.419762	0.2241575	2.296708
2388	-2358.761	-2430.267	71.50631	1.362465	0.204727	2.133571
2394	-2367.312	-2437.966	70.65373	1.066476	0.3162356	2.678585
2400	-2354.572	-2425.132	70.56021	1.159997	0.3162356	2.678585
2406	-2348.285	-2419.167	70.88168	1.249314	0.1966642	2.616502
2412	-2363.959	-2435.23	71.27177	1.469341	0.2012693	2.223068
2418	-2346.408	-2416.5	70.09141	1.381776	0.191453	3.02604
2424	-2347.569	-2419.316	71.74718	1.565781	0.1824459	1.882927
2430	-2354.679	-2425.279	70.59988	1.637437	0.1888039	2.565497
2436	-2359.278	-2429.401	70.12321	1.40818	0.2965396	2.821647
2442	-2355.668	-2426.439	70.77164	1.401458	0.2804756	2.449206
2448	-2356.622	-2427.045	70.42358	1.440254	0.1572577	2.857335
2454	-2361.827	-2433.072	71.2447	1.405188	0.1156735	2.467638
2460	-2352.33	-2423.89	71.55934	1.465148	0.2032784	2.03394
2466	-2357.807	-2428.856	71.04862	1.502224	0.2558998	2.248286
2472	-2350.395	-2421.762	71.36744	1.526455	0.1568017	2.215987
2478	-2349.96	-2421.08	71.11982	1.48365	0.2726115	2.187067
2484	-2350.677	-2421.847	71.16967	1.406386	0.2815892	2.190576
2490	-2354.665	-2426.07	71.4042	1.442058	0.234846	2.092521
2496	-2353.374	-2424.991	71.61722	1.487442	0.2698846	1.858449
2502	-2362.252	-2433.997	71.74552	1.562371	0.1434951	1.974645
2508	-2365.128	-2436.014	70.88684	1.55221	0.1434951	2.533712
2514	-2371.605	-2443.76	72.15516	1.617685	0.1490802	1.639143
2520	-2360.221	-2431.943	71.72257	1.567203	0.1490802	1.973495
2526	-2356.472	-2428.085	71.61257	1.74151	0.1072083	2.036736
2532	-2356.778	-2427.834	71.05602	1.302908	0.2407411	2.395944
2538	-2359.425	-2430.306	70.88129	1.190691	0.3967454	2.354164
2544	-2360.375	-2431.243	70.86738	1.111712	0.3606981	2.458303
2550	-2370.235	-2441.519	71.28448	1.330973	0.1804261	2.344494
2556	-2366.293	-2436.045	69.75187	1.172972	0.1804261	3.371433
2562	-2366.244	-2437.487	71.24284	1.385122	0.1643126	2.369815
2568	-2362.951	-2434.549	71.59865	1.411798	0.2533154	1.95088
2574	-2354.791	-2425.795	71.0045	1.274772	0.2330861	2.459127
2580	-2362.539	-2433.002	70.46288	1.508061	0.1888071	2.729699
2586	-2363.499	-2434.303	70.80402	1.234174	0.2828357	2.530028
2592	-2363.326	-2434.616	71.28914	1.196793	0.2631807	2.278015
2598	-2357.171	-2427.551	70.38	1.246278	0.148358	3.019087
2604	-2364.301	-2435.065	70.76422	1.368125	0.2946993	2.453417
2610	-2364.558	-2435.807	71.24929	1.217297	0.2758365	2.27018
2616	-2355.957	-2425.762	69.80484	1.297754	0.1509869	3.324499
2622	-2357.163	-2428.419	71.25538	1.185152	0.2312455	2.360562
2628	-2359.259	-2430.504	71.24434	1.300738	0.3504595	2.109472
2634	-2355.944	-2426.252	70.30796	1.197288	0.3110729	2.817122
2640	-2356.473	-2426.19	69.71734	1.199944	0.1690236	3.397462
2646	-2362.456	-2433.803	71.34761	1.405669	0.2403136	2.143725
2652	-2357.447	-2428.864	71.41666	1.466898	0.1869758	2.158942
2658	-2361.475	-2431.539	70.06378	1.24161	0.2695926	2.997461
2664	-2362.113	-2432.385	70.27161	1.328307	0.1717581	2.987348
2670	-2356.847	-2428.127	71.27937	1.446078	0.193382	2.248453
2676	-2357.078	-2428.438	71.36029	1.436495	0.2139646	2.162966
2682	-2355.042	-2426.174	71.13202	1.399233	0.1692248	2.420651
2688	-2356.975	-2427.706	70.73088	1.233402	0.2616468	2.608524
2694	-2355.282	-2427.079	71.79756	1.278586	0.1959686	2.014158
2700	-2354.94	-2425.283	70.34267	1.214454	0.268673	2.846992
2706	-2358.522	-2428.011	69.48971	1.075982	0.3182667	3.368086
2712	-2349.898	-2419.544	69.64576	1.109447	0.2407448	3.368086
2718	-2349.31	-2419.826	70.51634	1.258792	0.2429056	2.754727
2724	-2353.998	-2424.884	70.88638	1.339369	0.2331964	2.492476
2730	-2354.055	-2425.88	71.82521	1.523457	0.2331964	1.755856
2736	-2358.851	-2429.876	71.02546	1.283207	0.2435351	2.422962
2742	-2364.156	-2435.131	70.97402	1.427659	0.1722595	2.495751
2748	-2367.743	-2439.601	71.85747	1.405227	0.1594895	1.967555
2754	-2355.808	-2427.759	71.95111	1.487312	0.2840632	1.599006
2760	-2367.391	-2435.055	67.66425	1.256745	0.1845497	4.512636
2766	-2364.045	-2433.456	69.4105	1.145828	0.2445931	3.478536
2772	-2367.584	-2437.954	70.36997	1.309587	0.2106939	2.867233
2778	-2354.231	-2424.574	70.34285	1.264138	0.1942444	2.940551
2784	-2358.478	-2429.157	70.67877	1.506408	0.3552874	2.335187
2790	-2354.188	-2426.294	72.10641	1.778674	0.1307259	1.606241
2796	-2353.815	-2425.945	72.1296	1.866846	0.1307259	1.524418
2802	-2359.173	-2431.502	72.32837	1.921754	0.1243966	1.348196
2808	-2359.28	-2431.257	71.97686	1.709436	0.1901869	1.604072
2814	-2356.178	-2428.346	72.16811	1.78231	0.1989983	1.385333
2820	-2359.566	-2430.759	71.19295	1.364847	0.1878367	2.366355
2826	-2366.967	-2437.173	70.20585	1.36914	0.2785412	2.82134
2832	-2366.718	-2437.76	71.04223	1.162088	0.1972745	2.569943
2838	-2362.33	-2433.99	71.65975	1.421717	0.2022945	1.997992
2844	-2362.867	-2433.718	70.85054	1.545836	0.2365195	2.379445
2850	-2355.417	-2426.244	70.82772	1.415236	0.1978704	2.544813
2856	-2356.373	-2427.257	70.88354	1.37103	0.2160569	2.504353
2862	-2366.903	-2437.608	70.70498	1.434182	0.2152925	2.577555
2868	-2370.212	-2441.134	70.922	1.392947	0.3060974	2.32113
2874	-2362.887	-2432.779	69.89183	1.572159	0.1508854	3.110754
2880	-2360.201	-2431.935	71.73455	1.639336	0.1771628	1.85279
2886	-2358.366	-2429.349	70.98326	1.601028	0.2004506	2.325149
2892	-2353.36	-2421.973	68.61277	0.9967558	0.2063897	4.085581
2898	-2354.026	-2424.123	70.09738	1.140121	0.224438	3.109233
2904	-2352.493	-2421.539	69.04573	1.148112	0.224438	3.720846
2910	-2358.025	-2427.272	69.24722	1.153668	0.2566958	3.550738
2916	-2356.923	-2427.978	71.05551	1.239035	0.2566958	2.410179
2922	-2359.125	-2429.201	70.07679	1.154482	0.2566958	3.061403
2928	-2361.292	-2431.909	70.61676	1.098675	0.2886881	2.720707
2934	-2361.273	-2430.8	69.52665	1.263827	0.1779238	3.454811
2940	-2356.049	-2425.955	69.90587	1.225719	0.2313371	3.160887
2946	-2360.542	-2430.685	70.14266	1.209963	0.215025	3.056407
2952	-2361.322	-2431.103	69.7807	1.096558	0.3714664	3.116893
2958	-2355.761	-2426.983	71.22256	1.293918	0.2227021	2.327349
2964	-2361.587	-2432.725	71.13793	1.24342	0.2741211	2.327349
2970	-2362.799	-2432.564	69.76515	1.022446	0.324454	3.22918
2976	-2367.243	-2437.191	69.9474	1.043928	0.304698	3.134813
2982	-2367.518	-2437.374	69.85636	1.021382	0.356568	3.134813
2988	-2365.126	-2435.288	70.16234	1.361562	0.3602157	2.740787
2994	-2361.098	-2432.046	70.94824	1.405691	0.3602157	2.22052
3000	-2361.458	-2432.455	70.99689	1.240697	0.261879	2.437716
3006	-2362.81	-2434.625	71.81501	1.758761	0.2105023	1.641549
3012	-2364.239	-2434.465	70.22654	1.397164	0.1361513	3.046962
3018	-2362.972	-2432.89	69.91863	1.305467	0.2690609	3.046962
3024	-2367.345	-2438.66	71.31439	1.469422	0.1885165	2.220481
3030	-2359.616	-2430.202	70.58606	1.245797	0.1825308	2.826444
3036	-2355.501	-2425.875	70.37392	1.216496	0.2932259	2.790486
3042	-2359.873	-2431.247	71.37372	1.544677	0.2772315	1.97221
3048	-2370.009	-2440.914	70.90573	1.249954	0.2740619	2.469996
3054	-2363.571	-2434.625	71.05358	1.447152	0.266745	2.262764
3060	-2355.09	-2426.428	71.33763	1.436966	0.2260945	2.15511
3066	-2363.63	-2435.316	71.68592	1.455621	0.2503616	1.867277
3072	-2352.074	-2423.637	71.56262	1.545673	0.2747816	1.847657
3078	-2357.459	-2428.735	71.27632	1.619414	0.2336421	2.062099
3084	-2367.239	-2438.794	71.55465	1.685015	0.09549985	2.144406
3090	-2354.711	-2425.703	70.99161	1.609054	0.2038185	2.308327
3096	-2358.779	-2430.325	71.54518	1.567403	0.1394204	2.113681
3102	-2357.632	-2428.909	71.2771	1.395112	0.2639395	2.156511
3108	-2353.072	-2423.685	70.61301	1.378178	0.1792623	2.735622
3114	-2362.341	-2432.109	69.76815	1.198635	0.3381955	3.104964
3120	-2359.28	-2430.017	70.73692	1.304628	0.3032307	2.497819
3126	-2356.3	-2427.1	70.79976	1.320454	0.2704418	2.497819
3132	-2351.525	-2423.929	72.40329	1.78819	0.2050579	1.172321
3138	-2358.744	-2430.929	72.18472	1.709318	0.1835727	1.465201
3144	-2364.767	-2437.299	72.53207	1.76526	0.19813	1.096082
3150	-2363.64	-2435.53	71.88939	1.614055	0.1351529	1.862939
3156	-2367.63	-2439.663	72.03311	1.771002	0.2410483	1.406667
3162	-2371.754	-2442.997	71.24299	1.547204	0.3841158	1.900358
3168	-2368.201	-2439.928	71.7261	1.68421	0.14866	1.893201
3174	-2358.076	-2429.536	71.45998	1.473299	0.1744108	2.152479
3180	-2368.817	-2440.135	71.31825	1.470242	0.3394698	1.963635
3186	-2365.431	-2436.248	70.81732	1.330994	0.1886029	2.621012
3192	-2352.971	-2422.344	69.37376	1.053403	0.2963805	3.478605
3198	-2349.88	-2420.061	70.18065	1.147141	0.2945024	2.947697
3204	-2355.949	-2427.424	71.47501	1.655816	0.2038202	1.961956
3210	-2357.525	-2428.583	71.05822	1.633654	0.2030919	2.251286
3216	-2366.693	-2438.946	72.25312	1.568751	0.2300933	1.415912
3222	-2359.62	-2431.304	71.68338	1.462598	0.3382773	1.719911
3228	-2354.722	-2426.146	71.42414	1.42082	0.1997575	2.158714
3234	-2356.125	-2427.471	71.34618	1.466431	0.3324603	1.957631
3240	-2358.421	-2429.69	71.26853	1.463689	0.2162008	2.200697
3246	-2352.021	-2424.381	72.35993	1.65365	0.208837	1.312036
3252	-2358.881	-2430.92	72.03896	1.507824	0.2762577	1.533368
3258	-2355.254	-2426.82	71.56687	1.531452	0.2137252	1.964393
3264	-2350.718	-2421.391	70.67299	1.425273	0.1966097	2.636819
3270	-2355.962	-2427.003	71.04125	1.476139	0.190898	2.385962
3276	-2363.404	-2435.451	72.04707	1.528308	0.1938449	1.675813
3282	-2354.351	-2426.391	72.0398	1.741766	0.1783865	1.561459
3288	-2357.467	-2428.406	70.9381	1.73349	0.2085748	2.253972
3294	-2364.471	-2436.063	71.59218	1.513727	0.2151071	1.956642
3300	-2353.299	-2424.573	71.27483	1.489294	0.2151071	2.182049
3306	-2362.559	-2432.886	70.32634	1.798434	0.1013515	2.827646
3312	-2363.392	-2432.624	69.23165	1.252969	0.2229229	3.554746
3318	-2361.766	-2432.157	70.39159	1.363692	0.29847	2.682077
3324	-2351.178	-2422.68	71.50178	1.497616	0.2478495	1.967879
3330	-2364.355	-2435.041	70.6855	1.312177	0.3054943	2.521951
3336	-2359.316	-2429.403	70.08755	1.039394	0.3504443	2.993568
3342	-2354.858	-2426.939	72.08126	1.678	0.1733063	1.589758
3348	-2364.535	-2436.724	72.18939	1.592523	0.2350589	1.436234
3354	-2370.922	-2441.942	71.01987	1.626535	0.146168	2.397673
3360	-2368.031	-2438.527	70.49587	1.295919	0.2028806	2.813021
3366	-2367.957	-2438.037	70.08078	1.301866	0.3801356	2.802287
3372	-2366.034	-2437.259	71.22473	1.212689	0.5173328	1.977953
3378	-2366.588	-2437.015	70.42694	1.219549	0.4044337	2.611352
3384	-2360.4	-2432.494	72.09436	1.656009	0.2471064	1.435727
3390	-2357.754	-2428.199	70.44431	1.490967	0.1649824	2.798105
3396	-2347.926	-2419.777	71.85065	1.618153	0.2003763	1.737263
3402	-2357.652	-2429.927	72.27525	1.654823	0.1893136	1.423983
3408	-2349.617	-2420.787	71.16959	1.360838	0.2214008	2.320786
3414	-2359.893	-2431.151	71.25792	1.474648	0.2214008	2.190928
3420	-2361.092	-2430.81	69.71815	1.100516	0.1634534	3.46599
3426	-2362.046	-2432.788	70.74218	1.203947	0.2888903	2.578222
3432	-2352.19	-2421.684	69.4933	1.110113	0.2878125	3.387342
3438	-2358.6	-2429.252	70.65148	1.459718	0.2478119	2.53954
3444	-2358.562	-2429.778	71.21592	1.288365	0.3494593	2.137529
3450	-2356.724	-2427.698	70.97334	1.475918	0.4064432	2.098794
3456	-2357.588	-2428.742	71.15398	1.163097	0.2089741	2.478029
3462	-2352.357	-2423.965	71.60784	1.393344	0.2876048	1.899466
3468	-2352.166	-2423.821	71.65492	1.393649	0.2072776	2.010125
3474	-2365.292	-2434.937	69.64488	1.090681	0.3028466	3.288813
3480	-2356.935	-2428.177	71.24178	1.320543	0.209761	2.321678
3486	-2356.258	-2427.316	71.058	1.492124	0.2165117	2.317061
3492	-2359.518	-2431.394	71.87592	1.434031	0.1721279	1.907408
3498	-2359.151	-2430.18	71.02919	1.257413	0.1755864	2.560765
3504	-2352.91	-2423.359	70.44861	1.616436	0.1816556	2.685689
3510	-2361.549	-2429.913	68.36357	0.8760242	0.2172873	4.277788
3516	-2355.832	-2423.921	68.0898	1.143101	0.2196487	4.277788
3522	-2351.729	-2421.08	69.35106	1.09609	0.2196487	3.581891
3528	-2355.021	-2424.681	69.66023	1.212376	0.214806	3.341287
3534	-2351.249	-2420.706	69.45684	1.063573	0.3605046	3.341287
3540	-2354.573	-2425.869	71.29555	1.310667	0.2945897	2.150782
3546	-2364.471	-2435.667	71.19525	1.500091	0.2945897	2.09248
3552	-2373.026	-2444.202	71.17629	1.526385	0.4105032	1.925011
3558	-2361.626	-2433.046	71.42096	1.407072	0.3478338	1.925011
3564	-2354.187	-2424.53	70.34303	1.372924	0.2327375	2.807507
3570	-2350.107	-2420.657	70.55047	1.362904	0.2285006	2.693973
3576	-2364.227	-2433.29	69.06287	1.086483	0.2512697	3.704754
3582	-2356.182	-2425.024	68.84194	1.092371	0.2512697	3.828737
3588	-2355.015	-2425.353	70.3386	1.13776	0.331424	2.807094
3594	-2357.344	-2426.679	69.33533	1.019729	0.2803501	3.54298
3600	-2357.417	-2427.067	69.6506	0.9679978	0.189195	3.534459
3606	-2372.755	-2443.151	70.39534	1.119448	0.2464303	2.907161
3612	-2362.066	-2432.452	70.38604	1.610777	0.2721507	2.572035
3618	-2365.93	-2436.624	70.69418	1.442763	0.2547419	2.512234
3624	-2366.461	-2437.078	70.61603	1.395772	0.1648131	2.751779
3630	-2358.828	-2428.757	69.92853	1.241857	0.1764452	3.234239
3636	-2366.681	-2436.658	69.97679	1.344123	0.175809	3.146198
3642	-2368.168	-2438.213	70.04501	1.278117	0.1599327	3.176002
3648	-2359.564	-2429.325	69.76194	1.197254	0.1708019	3.369453
3654	-2353.795	-2424.485	70.69014	1.343062	0.193969	2.681811
3660	-2374.272	-2445.207	70.93451	1.286985	0.2115301	2.533104
3666	-2364.358	-2434.78	70.42235	1.174414	0.2787802	2.807749
3672	-2365.323	-2435.604	70.28088	1.131129	0.2342765	2.988645
3678	-2371.638	-2441.746	70.10707	1.266169	0.2487962	2.988645
3684	-2365.872	-2436.402	70.52993	1.325983	0.2487962	2.695734
3690	-2365.798	-2436.63	70.83115	1.296567	0.3124856	2.430465
3696	-2363.126	-2433.65	70.52479	1.405227	0.2763087	2.607068
3702	-2352.008	-2422.432	70.42358	1.273733	0.2743865	2.753026
3708	-2357.655	-2428.835	71.17995	1.383414	0.2353812	2.275061
3714	-2353.748	-2425.149	71.40059	1.412978	0.2058516	2.167377
3720	-2361.471	-2430.426	68.95575	1.244379	0.1910746	3.773525
3726	-2354.402	-2424.824	70.42238	1.394637	0.2425789	2.729648
3732	-2359.455	-2429.857	70.40228	1.417577	0.2569205	2.704921
3738	-2361.183	-2431.815	70.63187	1.347228	0.2625467	2.597942
3744	-2363.654	-2434.268	70.61312	1.429679	0.3143411	2.481136
3750	-2358.022	-2428.543	70.52139	1.3158	0.2771218	2.663123
3756	-2357.049	-2428.375	71.32656	1.508025	0.2771218	2.028266
3762	-2360.979	-2431.976	70.99704	1.235619	0.2424433	2.472542
3768	-2360.801	-2431.604	70.80315	1.163794	0.2424433	2.637738
3774	-2357.994	-2428.653	70.65841	1.340812	0.365708	2.439184
3780	-2355.659	-2426.736	71.07733	1.336446	0.365708	2.174466
3786	-2355.872	-2427.238	71.36587	1.328892	0.2445468	2.174466
3792	-2351.178	-2422.35	71.17221	1.274766	0.2208971	2.374707
3798	-2357.786	-2428.444	70.65842	1.291136	0.384773	2.44629
3804	-2357.528	-2428.232	70.70407	1.331114	0.3204261	2.477345
3810	-2359.276	-2429.734	70.45839	1.419521	0.299481	2.605004
3816	-2353.966	-2425.991	72.0256	1.646606	0.1529989	1.701199
3822	-2360.817	-2431.616	70.79944	1.255811	0.1882507	2.67904
3828	-2362.777	-2433.506	70.72884	1.326406	0.1882507	2.67904
3834	-2351.857	-2422.891	71.03438	1.246098	0.1870649	2.542013
3840	-2352.905	-2423.887	70.98203	1.309047	0.2354139	2.447742
3846	-2357.529	-2428.351	70.82179	1.382602	0.2494087	2.478732
3852	-2360.224	-2429.889	69.66547	1.293494	0.2336138	3.259436
3858	-2361.121	-2431.003	69.88252	1.115778	0.2206375	3.257446
3864	-2360.95	-2431.942	70.99198	1.30421	0.2250706	2.462379
3870	-2354.097	-2425.049	70.95196	1.294848	0.2432157	2.462379
3876	-2351.664	-2422.924	71.26005	1.310038	0.2203496	2.297371
3882	-2355.266	-2425.25	69.98478	1.286385	0.1827376	3.16266
3888	-2357.791	-2428.158	70.36666	1.01384	0.248739	2.984377
3894	-2364.843	-2434.897	70.05385	1.061646	0.2976811	3.07052
3900	-2355.471	-2425.853	70.38154	1.230325	0.1961269	2.934172
3906	-2356.697	-2426.606	69.90843	1.276812	0.2829818	3.049742
3912	-2362.361	-2433.181	70.82011	1.26556	0.2949644	2.482289
3918	-2356.222	-2426.916	70.69439	1.345399	0.2263932	2.61971
3924	-2351.935	-2422.202	70.26705	1.152782	0.2329739	2.986078
3930	-2350.602	-2419.765	69.16298	1.09996	0.2147563	3.696738
3936	-2359.487	-2428.757	69.26971	0.9466913	0.231365	3.696738
3942	-2355.324	-2425.246	69.92246	1.051551	0.2335711	3.250615
3948	-2357.745	-2428.175	70.43001	1.254327	0.2335711	2.825345
3954	-2376.232	-2447.492	71.26008	1.585941	0.1812681	2.194914
3960	-2370.819	-2440.603	69.78401	1.115125	0.2147803	3.325727
3966	-2361.478	-2431.932	70.45425	1.196807	0.2522889	2.815304
3972	-2366.73	-2437.843	71.11256	1.402774	0.2405359	2.296914
3978	-2366.995	-2437.77	70.7746	1.788308	0.2895129	2.186749
3984	-2364.352	-2434.991	70.6391	1.108332	0.1592878	2.923527
3990	-2361.47	-2431.779	70.30983	1.180962	0.2642044	2.89395
3996	-2368.887	-2439.421	70.53304	1.299703	0.1487788	2.89395
4002	-2367.162	-2438.387	71.22522	1.700044	0.1191058	2.284631
4008	-2367.042	-2438.625	71.58295	1.850414	0.1155365	1.961365
4014	-2357.949	-2429.375	71.42635	1.564887	0.1531399	2.161076
4020	-2358.072	-2429.45	71.37819	1.559676	0.3826246	1.80121
4026	-2355.111	-2425.624	70.51374	1.454799	0.2211898	2.672606
4032	-2351.054	-2422.244	71.18916	1.482755	0.2823984	2.126921
4038	-2357.763	-2429.133	71.37068	1.588865	0.3166023	1.882031
4044	-2362.352	-2434.844	72.49171	2.052812	0.2344629	0.6870513
4050	-2358.372	-2429.68	71.30804	1.665164	0.2110688	2.052794
4056	-2363.432	-2433.285	69.85279	1.40547	0.4385348	2.810487
4062	-2365.468	-2437.89	72.42277	1.850098	0.2784272	0.9028202
4068	-2370.179	-2442.402	72.22267	1.657642	0.3320719	1.164469
4074	-2363.164	-2432.106	68.94277	1.003848	0.2402411	3.838409
4080	-2366.187	-2434.999	68.81206	1.111747	0.2488515	3.838409
4086	-2370.134	-2438.999	68.86449	0.8524633	0.3358772	3.838409
4092	-2370.22	-2440.647	70.4275	1.204908	0.1731992	2.96501
4098	-2364.762	-2434.992	70.2295	1.406659	0.2014761	2.90984
4104	-2361.679	-2431.843	70.16383	1.231003	0.2910581	2.912189
4110	-2368.83	-2439.053	70.22295	1.23025	0.1802945	3.058808
4116	-2373.219	-2443.317	70.09851	1.26293	0.2105696	3.058808
4122	-2350.84	-2419.484	68.64435	1.32886	0.2105647	3.87063
4128	-2351.258	-2422.015	70.75746	1.427014	0.3187215	2.385773
4134	-2351.161	-2422.466	71.30567	1.458585	0.2731697	2.081171
4140	-2347.795	-2418.318	70.52234	1.399078	0.2424602	2.665762
4146	-2353.255	-2423.718	70.46286	1.494123	0.3141207	2.535044
4152	-2352.165	-2422.604	70.43852	1.541742	0.1463731	2.809664
4158	-2359.089	-2429.484	70.39516	1.605506	0.1286957	2.83664
4164	-2350.632	-2420.163	69.53026	1.29317	0.1485959	3.492997
4170	-2356.026	-2424.453	68.4269	1.176019	0.3615816	3.872721
4176	-2353.444	-2423.485	70.04161	1.147581	0.242268	3.109045
4182	-2351.728	-2420.572	68.84467	1.076923	0.2615579	3.820823
4188	-2350.884	-2419.8	68.91591	1.153088	0.2074319	3.820823
4194	-2352.912	-2422.632	69.72064	1.224857	0.2817251	3.194292
4200	-2357.979	-2428.51	70.53093	1.154149	0.2336733	2.824728
4206	-2356.656	-2427.382	70.72596	1.443218	0.14457	2.698173
4212	-2364.334	-2435.748	71.41409	1.490894	0.1566503	2.209158
4218	-2365.573	-2436.933	71.35981	1.337242	0.3234918	2.047788
4224	-2362.887	-2432.175	69.2877	0.9749301	0.2509522	3.639667
4230	-2353.374	-2422.312	68.93773	1.058415	0.3668532	3.639667
4236	-2357.121	-2426.874	69.75309	1.133963	0.3498339	3.137661
4242	-2353.206	-2422.926	69.71951	1.138908	0.2636634	3.272249
4248	-2352.374	-2422.201	69.82722	1.012347	0.2711828	3.272249
4254	-2354.498	-2424.82	70.32188	1.43736	0.3585149	2.598155
4260	-2357.435	-2427.581	70.14544	1.128506	0.229222	3.079583
4266	-2360.531	-2431.153	70.62207	1.132817	0.1770516	2.883647
4272	-2356.716	-2426.639	69.92375	1.211342	0.241871	3.141879
4278	-2365.402	-2435.915	70.51275	1.211342	0.2888369	2.715185
4284	-2357.06	-2427.453	70.39317	1.232511	0.3138816	2.739799
4290	-2362.408	-2433.823	71.41452	1.496383	0.2182255	2.080353
4296	-2363.917	-2435.094	71.17631	1.366031	0.2097273	2.334463
4302	-2362.936	-2433.601	70.66514	1.410077	0.263342	2.537008
4308	-2355.665	-2426.626	70.9606	1.38819	0.2250067	2.429434
4314	-2353.47	-2424.2	70.72967	1.24716	0.2495829	2.619999
4320	-2361.543	-2432.392	70.84906	1.38435	0.147905	2.651389
4326	-2358.473	-2429.272	70.79922	1.278769	0.1955	2.651389
4332	-2357.818	-2427.821	70.00329	1.295838	0.2625313	3.011868
4338	-2365.373	-2434.971	69.59742	1.354367	0.2761354	3.198646
4344	-2371.879	-2442.152	70.27287	1.119422	0.2301156	3.007304
4350	-2372.686	-2443.248	70.56196	1.418147	0.2647671	2.593844
4356	-2367.666	-2438.79	71.12485	1.293489	0.2451039	2.350959
4362	-2362.295	-2432.569	70.27432	1.18857	0.232065	2.96169
4368	-2354.183	-2424.852	70.66897	1.310251	0.232065	2.647444
4374	-2350.874	-2421.591	70.71692	1.313784	0.1915302	2.687915
4380	-2359.29	-2430.324	71.034	1.283335	0.2083576	2.478994
4386	-2363.405	-2434.832	71.42718	1.558587	0.2628518	1.951042
4392	-2352.592	-2424.327	71.73426	1.453222	0.1891107	1.953736
4398	-2357.798	-2429.691	71.89285	1.453222	0.2056517	1.811828
4404	-2361.654	-2433.271	71.61655	1.269945	0.2573794	2.026673
4410	-2360.898	-2432.443	71.545	1.319223	0.1984566	2.148706
4416	-2349.198	-2420.5	71.30202	1.540868	0.1312815	2.307411
4422	-2348.583	-2420.277	71.69404	1.530205	0.1804514	1.947229
4428	-2350.272	-2421.516	71.24449	1.530205	0.1444773	2.320095
4434	-2355.482	-2426.353	70.87142	1.348808	0.2933642	2.400055
4440	-2360.265	-2429.726	69.46144	1.007551	0.1759696	3.64556
4446	-2359.254	-2429.597	70.34264	1.391346	0.3357498	2.643566
4452	-2349.338	-2420.296	70.95769	1.364608	0.2134271	2.466682
4458	-2352.39	-2423.878	71.4878	1.539699	0.1741923	2.091307
4464	-2360.69	-2432.57	71.88077	1.606435	0.2107003	1.70289
4470	-2357.461	-2428.729	71.26802	1.508433	0.1820886	2.23816
4476	-2363.531	-2434.75	71.21907	1.677374	0.2826764	1.978032
4482	-2348.429	-2420.275	71.84664	1.57659	0.1454698	1.892098
4488	-2345.665	-2417.651	71.98592	1.745016	0.1861016	1.580754
4494	-2357.311	-2429.462	72.15104	1.560794	0.229301	1.5013
4500	-2357.056	-2428.928	71.87226	1.45354	0.2783195	1.689953
4506	-2354.183	-2426.028	71.84446	1.480634	0.2083327	1.820887
4512	-2361.48	-2431.999	70.5192	1.292539	0.1857037	2.832622
4518	-2372.028	-2442.99	70.96234	1.425376	0.2558589	2.352578
4524	-2372.46	-2440.807	68.34677	1.054907	0.1703884	4.266962
4530	-2364.278	-2433.832	69.55346	1.10442	0.2517789	3.4081
4536	-2361.677	-2430.773	69.09594	1.012094	0.2245541	3.770176
4542	-2356.847	-2427.884	71.03698	1.284724	0.2279148	2.441397
4548	-2353.98	-2424.938	70.95841	1.355793	0.2306376	2.441397
4554	-2359.318	-2430.051	70.73258	1.328352	0.2805179	2.519355
4560	-2370.476	-2442.076	71.5999	1.512648	0.2951286	1.811007
4566	-2369.959	-2440.987	71.02714	1.596723	0.2296465	2.246282
4572	-2358.085	-2430.175	72.09027	1.460025	0.1737407	1.738157
4578	-2352.921	-2424.076	71.15532	1.295316	0.2048648	2.401608
4584	-2366.298	-2437.176	70.878	1.404368	0.1535594	2.608957
4590	-2362.579	-2433.5	70.92161	1.395875	0.188055	2.517033
4596	-2359.853	-2431.625	71.77255	1.656383	0.2032873	1.759126
4602	-2355.817	-2427.143	71.32632	1.572512	0.167807	2.188866
4608	-2362.722	-2433.673	70.95159	1.248768	0.260856	2.462735
4614	-2369.056	-2440.873	71.81703	1.703735	0.1304399	1.863116
4620	-2356.646	-2426.88	70.23443	1.293294	0.1919192	2.99248
4626	-2372.59	-2441.762	69.17207	1.18634	0.2131766	3.644105
4632	-2366.691	-2437.34	70.64921	1.438131	0.1606654	2.714067
4638	-2353.808	-2424.345	70.53703	1.342513	0.2354896	2.703005
4644	-2360.301	-2430.194	69.89307	1.020898	0.2354896	3.282983
4650	-2355.13	-2425.668	70.53823	1.216983	0.411274	2.535805
4656	-2356.245	-2426.738	70.4928	1.1379	0.2188897	2.88259
4662	-2362.018	-2433.837	71.81961	1.503223	0.1651282	1.914285
4668	-2360.687	-2431.52	70.83251	1.425482	0.1871253	2.555882
4674	-2358.13	-2429.03	70.89996	1.18559	0.2475756	2.555882
4680	-2357.514	-2428.04	70.52672	1.274458	0.1376003	2.937221
4686	-2359.031	-2429.344	70.3131	1.317706	0.1505853	3.011686
4692	-2369.309	-2439.715	70.40583	1.25544	0.1848341	2.925313
4698	-2373.515	-2443.21	69.69458	1.166771	0.2438325	3.300813
4704	-2370.747	-2442.127	71.38044	1.561713	0.2492779	2.003631
4710	-2383.36	-2455.044	71.68366	1.290356	0.3471455	1.82648
4716	-2369.462	-2440.151	70.68894	1.332782	0.1796101	2.716243
4722	-2372.13	-2443.42	71.28968	1.364679	0.1970792	2.286869
4728	-2370.46	-2441.654	71.19375	1.500204	0.1370504	2.388427
4734	-2377.383	-2446.466	69.08286	1.158221	0.2484223	3.655989
4740	-2373.231	-2443.666	70.43465	1.261464	0.2944664	2.724142
4746	-2368.759	-2438.897	70.13768	1.342804	0.1545922	3.093252
4752	-2366.179	-2438.139	71.95942	1.644421	0.1370249	1.78906
4758	-2369.83	-2442.104	72.27425	1.507172	0.197032	1.51876
4764	-2366.487	-2437.126	70.63954	1.16964	0.2839484	2.670141
4770	-2363.782	-2435.28	71.498	1.637422	0.1945707	1.977437
4776	-2365.734	-2437.194	71.46014	1.760177	0.2200177	1.869739
4782	-2368.338	-2438.448	70.11009	1.437409	0.1474611	3.068117
4788	-2363.358	-2435.28	71.92204	1.512595	0.1277127	1.928612
4794	-2356.448	-2426.691	70.24295	1.26827	0.1976611	2.991928
4800	-2359.818	-2430.98	71.16128	1.436872	0.2138051	2.291341
4806	-2352.393	-2423.26	70.86759	1.383383	0.2831369	2.396074
4812	-2358.964	-2428.664	69.70027	1.156225	0.3227234	3.19065
4818	-2361.633	-2432.402	70.76901	1.168438	0.3268416	2.529519
4824	-2354.785	-2426.183	71.39747	1.304081	0.2511596	2.158759
4830	-2357.354	-2428.785	71.43028	1.368052	0.3077727	2.004086
4836	-2352.058	-2423.803	71.74407	1.685591	0.1008738	2.004086
4842	-2354.788	-2425.288	70.5004	1.465094	0.2116396	2.691216
4848	-2353.895	-2425.447	71.55226	1.497036	0.1811084	2.062393
4854	-2356.036	-2427.216	71.17962	1.513351	0.1817832	2.29234
4860	-2353.485	-2424.525	71.04072	1.417477	0.1748533	2.45508
4866	-2357.442	-2428.793	71.35143	1.553241	0.2262968	2.06953
4872	-2366.43	-2436.961	70.53132	1.532094	0.2396968	2.582612
4878	-2367.384	-2437.969	70.58547	1.451874	0.1690511	2.72758
4884	-2374.953	-2444.918	69.96472	1.26483	0.1690511	3.213438
4890	-2359.296	-2429.975	70.67902	1.402954	0.3344146	2.428614
4896	-2350.367	-2420.95	70.58227	1.347082	0.2497674	2.649
4902	-2347.175	-2416.794	69.61932	1.219044	0.1483689	3.484749
4908	-2349.831	-2419.104	69.27319	1.309035	0.186076	3.561256
4914	-2354.459	-2424.294	69.83477	1.422189	0.3238004	2.950016
4920	-2350.184	-2420.315	70.13092	1.406712	0.3192257	2.786211
4926	-2352.067	-2422.758	70.69093	1.285742	0.2198586	2.669912
4932	-2359.076	-2430.291	71.21535	1.597711	0.2883566	2.024502
4938	-2366.739	-2437.738	70.99857	1.51621	0.2883566	2.219662
4944	-2361.862	-2432.728	70.86611	1.238446	0.2501614	2.53984
4950	-2370.775	-2441.934	71.15911	1.311947	0.2577848	2.296328
4956	-2362.359	-2433.002	70.64341	1.254759	0.2000152	2.753377
4962	-2357.412	-2427.849	70.43794	1.318873	0.2256428	2.794544
4968	-2366.487	-2438.073	71.5861	1.516176	0.2410699	1.910673
4974	-2368.402	-2437.278	68.87556	1.243942	0.1800787	3.839682
4980	-2356.335	-2427.823	71.48837	1.588596	0.1056303	2.222104
4986	-2365.154	-2436.685	71.53076	1.522318	0.3218597	1.809819
4992	-2370.389	-2441.734	71.34483	1.376772	0.1868306	2.263877
4998	-2360.195	-2431.271	71.07551	1.33987	0.1537454	2.525964
5004	-2361.813	-2433.464	71.65125	1.504386	0.1664358	2.023441
5010	-2358.498	-2429.686	71.18824	1.750763	0.1767399	2.143868
5016	-2358.633	-2430.246	71.61339	1.585027	0.1526511	2.026086
5022	-2358.945	-2429.795	70.84994	1.391873	0.1714052	2.596954
5028	-2354.179	-2424.703	70.52386	1.356098	0.1449306	2.873638
5034	-2352.095	-2422.268	70.17229	1.303878	0.2366861	2.946135
5040	-2356.069	-2426.868	70.79908	1.287937	0.1874697	2.660981
5046	-2356.96	-2428.366	71.40589	1.581709	0.1824848	2.100134
5052	-2361.79	-2433.158	71.36774	1.521635	0.33138	1.907441
5058	-2360.229	-2430.74	70.51082	1.375926	0.2181032	2.728148
5064	-2360.661	-2431.071	70.41049	1.240429	0.2033328	2.897597
5070	-2360.055	-2431.553	71.4984	1.431499	0.2033328	2.09624
5076	-2360.966	-2433.276	72.31014	1.614905	0.2233697	1.349712
5082	-2360.474	-2432.499	72.02516	1.593951	0.2361429	1.556309
5088	-2363.973	-2436.14	72.16756	1.624469	0.2143915	1.472462
5094	-2361.848	-2431.661	69.81344	1.021679	0.2673511	3.280519
5100	-2370.457	-2441.977	71.52035	1.281115	0.1620323	2.264057
5106	-2364.238	-2435.243	71.00428	1.258528	0.1711609	2.584436
5112	-2360.168	-2431.472	71.30448	1.722813	0.1746757	2.090422
5118	-2358.976	-2430.446	71.47025	1.633313	0.1746757	2.040099
5124	-2362.792	-2432.827	70.03503	1.251543	0.2623422	3.019679
5130	-2359.967	-2431.091	71.12362	1.512398	0.2092718	2.275494
5136	-2369.78	-2441.271	71.49141	1.426811	0.2556004	2.008624
5142	-2359.311	-2429.254	69.94282	1.227206	0.2477952	3.111748
5148	-2365.178	-2433.706	68.5287	1.145711	0.4805937	3.703488
5154	-2359.553	-2430.387	70.83381	1.441601	0.3986285	2.221666
5160	-2363.886	-2435.402	71.51647	1.393701	0.2273479	2.063979
5166	-2363.307	-2433.702	70.39478	1.492355	0.1636922	2.829996
5172	-2363.783	-2435.413	71.6298	1.451939	0.2153836	1.972319
5178	-2359.334	-2430.807	71.47279	1.583562	0.3164052	1.815988
5184	-2370.407	-2441.276	70.86965	1.361488	0.3373249	2.330202
5190	-2361.312	-2432.931	71.61809	1.62234	0.201992	1.891604
5196	-2363.097	-2434.86	71.76317	1.478694	0.3292641	1.66578
5202	-2356.769	-2428.252	71.48298	1.591581	0.3292641	1.783602
5208	-2353.888	-2424.35	70.46199	1.375411	0.2601377	2.689097
5214	-2357.088	-2428.112	71.02432	1.328238	0.1602549	2.551217
5220	-2352.272	-2422.9	70.62743	1.543822	0.1783799	2.626675
5226	-2352.258	-2423.952	71.69436	1.505407	0.2213066	1.88127
5232	-2351.486	-2422.192	70.70616	1.301617	0.3097908	2.509504
5238	-2357.135	-2427.219	70.08422	1.521196	0.2208546	2.894518
5244	-2361.788	-2433.68	71.89196	1.649439	0.1362503	1.834149
5250	-2366.614	-2437.174	70.55995	1.04944	0.2213073	2.891347
5256	-2364.49	-2434.435	69.94437	1.32948	0.3613816	2.891347
5262	-2363.827	-2433.803	69.97606	1.168873	0.208847	3.190669
5268	-2357.075	-2427.266	70.19037	1.263429	0.222174	2.983635
5274	-2358.288	-2429.889	71.60039	1.424393	0.2647899	1.921445
5280	-2357.509	-2429.344	71.83518	1.81338	0.1967905	1.616852
5286	-2356.75	-2428.516	71.76613	1.653131	0.1343409	1.922186
5292	-2357.513	-2429.291	71.7775	1.715008	0.109327	1.938443
5298	-2353.942	-2424.675	70.73339	1.665671	0.1654808	2.511315
5304	-2357.769	-2428.208	70.43953	1.39691	0.2902163	2.644099
5310	-2357.69	-2428.077	70.38678	1.224335	0.3194481	2.741052
5316	-2354.428	-2424.338	69.91053	1.20712	0.4665333	2.865713
5322	-2356.34	-2426.842	70.50127	1.242949	0.2444968	2.771021
5328	-2347.701	-2418.809	71.10816	1.407746	0.1723747	2.423835
5334	-2346.764	-2418.539	71.77447	1.470016	0.1723747	1.95105
5340	-2357.969	-2429.285	71.31566	1.563016	0.1761482	2.184326
5346	-2347.834	-2419.064	71.22926	1.453681	0.2927117	2.10353
5352	-2362.393	-2433.94	71.54711	1.593436	0.1180163	2.148398
5358	-2357.661	-2428.699	71.03746	1.365442	0.3394421	2.21718
5364	-2367.417	-2437.566	70.14905	1.437357	0.2852378	2.804524
5370	-2346.534	-2416.763	70.22921	1.221769	0.2535597	2.934415
5376	-2358.994	-2428.844	69.84958	1.323426	0.2083889	3.174812
5382	-2354.015	-2423.435	69.41989	1.189321	0.2879902	3.383688
5388	-2352.48	-2423.187	70.70704	1.180109	0.2413163	2.688708
5394	-2354.588	-2425.187	70.59897	1.17103	0.3249764	2.635897
5400	-2355.829	-2425.638	69.80892	1.047805	0.2376402	3.313294
5406	-2356.885	-2427.855	70.97038	1.285697	0.2921287	2.379233
5412	-2359.391	-2430.844	71.45345	1.520963	0.1561684	2.165228
5418	-2361.628	-2432.827	71.19896	1.457662	0.142708	2.399029
5424	-2361.058	-2432.798	71.73967	1.549346	0.1934147	1.876096
5430	-2361.771	-2431.078	69.3068	1.294601	0.2096388	3.508808
5436	-2356.597	-2427.016	70.419	1.189878	0.3007884	2.768416
5442	-2354.953	-2426.522	71.569	1.704982	0.09293223	2.12929
5448	-2360.372	-2432.083	71.71055	1.658146	0.2458537	1.717945
5454	-2368.224	-2439.632	71.40814	1.369085	0.304635	2.022922
5460	-2359.456	-2430.841	71.38556	1.354884	0.2122448	2.20272
5466	-2361.767	-2433.228	71.46161	1.421382	0.2003781	2.132711
5472	-2366.786	-2434.97	68.18393	1.033337	0.2424926	4.251145
5478	-2365.865	-2434.309	68.44403	1.095549	0.152389	4.223204
5484	-2372.073	-2441.676	69.60324	1.094693	0.2706539	3.356422
5490	-2361.625	-2430.786	69.16163	1.05603	0.2623258	3.648781
5496	-2357.412	-2427.302	69.89061	1.01505	0.1826413	3.378584
5502	-2365.273	-2434.563	69.28977	1.19604	0.2026033	3.588103
5508	-2362.597	-2433.366	70.76917	1.178305	0.2354843	2.661262
5514	-2362.324	-2433.521	71.19676	1.557415	0.1371865	2.349946
5520	-2359.55	-2430.538	70.98799	1.428253	0.2066673	2.419962
5526	-2355.869	-2427.398	71.52857	1.421983	0.2181739	2.0543
5532	-2364.143	-2434.746	70.60276	1.192783	0.3091474	2.642097
5538	-2363.224	-2434.351	71.12667	1.499333	0.188878	2.320951
5544	-2360.515	-2430.95	70.43539	1.138432	0.2794231	2.820747
5550	-2364.282	-2436.598	72.31665	1.680842	0.1884815	1.373521
5556	-2358.16	-2430.002	71.84195	1.762675	0.1966309	1.64886
5562	-2364.687	-2434.847	70.16017	1.243983	0.1761672	3.095953
5568	-2361.071	-2431.47	70.39856	1.148484	0.1791136	3.004868
5574	-2358.17	-2428.815	70.64505	1.340037	0.1350539	2.831655
5580	-2356.847	-2427.475	70.62796	1.420376	0.2072818	2.648049
5586	-2359.458	-2430.083	70.62485	1.35848	0.2035563	2.694779
5592	-2372.006	-2442.167	70.16089	1.321978	0.2118709	2.983799
5598	-2365.701	-2435.813	70.11163	1.532386	0.09976375	3.120694
5604	-2357.543	-2428.1	70.55725	1.421693	0.2765659	2.576366
5610	-2350.466	-2420.635	70.16826	1.262133	0.195455	3.044355
5616	-2355.272	-2426.379	71.10697	1.315809	0.218879	2.393624
5622	-2366.789	-2436.176	69.38714	1.166695	0.3132961	3.381624
5628	-2365.518	-2436.021	70.50308	1.089132	0.2297521	2.887524
5634	-2363.533	-2433.946	70.41328	1.263996	0.2311123	2.833719
5640	-2363.994	-2434.319	70.32488	1.489719	0.1842111	2.833719
5646	-2360.195	-2430.221	70.02545	1.115956	0.2561364	3.115873
5652	-2358.899	-2429.414	70.51542	1.188676	0.2475943	2.790493
5658	-2364.155	-2432.747	68.59181	1.059756	0.29326	3.931238
5664	-2367.157	-2436.281	69.12412	1.077474	0.277268	3.636502
5670	-2363.265	-2433.069	69.80459	1.33422	0.1802861	3.245662
5676	-2364.335	-2433.878	69.54311	1.050943	0.255643	3.439611
5682	-2366.717	-2437.248	70.53165	1.088246	0.2670412	2.811352
5688	-2370.689	-2438.293	67.60352	1.088246	0.2798579	4.494125
5694	-2356.153	-2426.097	69.94393	1.095801	0.2907186	3.125489
5700	-2353.283	-2424.464	71.18085	1.538103	0.1101993	2.438108
5706	-2369.119	-2440.853	71.73397	1.726477	0.1717917	1.805159
5712	-2361.078	-2432.835	71.75657	1.929139	0.2348779	1.509435
5718	-2359.103	-2430.973	71.87076	1.753758	0.1961439	1.635617
5724	-2364.679	-2436.477	71.79738	1.639395	0.1619435	1.843919
5730	-2362.081	-2432.239	70.15828	1.263438	0.22309	3.001347
5736	-2372.408	-2444.16	71.75169	1.627847	0.2011408	1.797918
5742	-2362.481	-2434.42	71.93958	1.769214	0.2011408	1.56341
5748	-2362.859	-2434.235	71.37603	1.628721	0.1549335	2.14824
5754	-2369.633	-2440.47	70.83708	1.220109	0.3538017	2.418203
5760	-2356.39	-2427.343	70.95328	1.191621	0.1612994	2.677419
5766	-2354.845	-2424.866	70.02097	1.053986	0.2243352	3.205963
5772	-2370.356	-2440.004	69.64809	1.154698	0.1709049	3.460874
5778	-2369.462	-2440.637	71.17539	1.387236	0.1768731	2.385173
5784	-2366.545	-2436.144	69.599	0.9437038	0.3333589	3.36201
5790	-2356.373	-2427.568	71.19564	1.352993	0.2792459	2.212007
5796	-2360.179	-2432.106	71.92641	1.332021	0.1946893	1.894268
5802	-2354.407	-2426.511	72.10338	1.778944	0.1939864	1.44963
5808	-2352.231	-2423.877	71.64604	1.545593	0.2274465	1.875136
5814	-2356.857	-2428.159	71.30254	1.495498	0.1909067	2.206535
5820	-2364.528	-2436.274	71.74576	1.631052	0.299265	1.617541
5826	-2355.793	-2427.86	72.06634	1.534442	0.2269101	1.588295
5832	-2359.958	-2429.957	69.99926	1.281372	0.1878896	3.147476
5838	-2367.897	-2438.619	70.72142	1.276101	0.2648844	2.582863
5844	-2353.895	-2426.034	72.13981	1.533233	0.2147948	1.560364
5850	-2362.638	-2435.005	72.36727	1.627061	0.2563565	1.220501
5856	-2356.202	-2426.57	70.36795	1.404973	0.2086541	2.814176
5862	-2358.604	-2430.329	71.72519	1.87255	0.3507159	1.365362
5868	-2357.921	-2428.827	70.90604	1.740882	0.2541551	2.189184
5874	-2358.256	-2429.73	71.47387	1.538922	0.2628104	1.932917
5880	-2354.26	-2424.818	70.55826	1.443266	0.1862254	2.715868
5886	-2364.597	-2434.274	69.67664	1.189709	0.2380457	3.306985
5892	-2367.135	-2437.82	70.68507	1.264678	0.2526673	2.631761
5898	-2359.172	-2429.459	70.28676	1.313502	0.2401691	2.865533
5904	-2359.365	-2430.378	71.01326	1.434538	0.1943496	2.423241
5910	-2358.735	-2429.658	70.92279	1.342652	0.2812344	2.389846
5916	-2358.196	-2428.736	70.53991	1.326284	0.1969583	2.778493
5922	-2352.673	-2421.604	68.93174	1.092471	0.2685701	3.751529
5928	-2360.005	-2429.856	69.85159	1.298829	0.1856733	3.228783
5934	-2358.049	-2428.399	70.34957	1.348015	0.1856085	2.901939
5940	-2373.412	-2441.52	68.1085	1.250667	0.2684227	4.132603
5946	-2363.889	-2434.563	70.67417	1.179408	0.1595671	2.858781
5952	-2363.918	-2435.32	71.40227	1.29725	0.2618229	2.142207
5958	-2354.804	-2425.419	70.6147	1.240268	0.1993826	2.780899
5964	-2356.818	-2427.15	70.33198	1.37625	0.2998615	2.708967
5970	-2367.186	-2437.376	70.18963	1.538221	0.1438267	2.967785
5976	-2371.06	-2441.489	70.4298	1.376737	0.122702	2.967785
5982	-2378.586	-2449.068	70.48235	1.311595	0.1562355	2.901741
5988	-2372.696	-2442.717	70.02061	1.34158	0.201207	3.074796
5994	-2368.83	-2439.528	70.69864	1.34158	0.1584829	2.74744
6000	-2374.986	-2444.778	69.7922	1.072478	0.2354743	3.31206
6006	-2366.325	-2436.744	70.4196	1.090919	0.2157104	2.960544
6012	-2354.9	-2426.269	71.36978	1.53988	0.2244616	2.069611
6018	-2359.563	-2430.376	70.81353	1.423261	0.1910893	2.561456
6024	-2357.354	-2428.031	70.67739	1.256668	0.2590151	2.631349
6030	-2356.89	-2426.278	69.38792	1.256668	0.196156	3.506923
6036	-2359.821	-2430.899	71.07785	1.40054	0.1731778	2.445794
6042	-2353.455	-2424.709	71.2539	1.385419	0.3875209	1.997316
6048	-2349.773	-2420.267	70.49368	1.437025	0.1611904	2.808623
6054	-2354.257	-2424.506	70.24904	1.243701	0.2864065	2.859696
6060	-2360.437	-2430.783	70.34633	1.271631	0.237171	2.859696
6066	-2358.019	-2428.652	70.63339	1.254531	0.2784002	2.62992
6072	-2359.782	-2429.588	69.80587	1.20454	0.1754206	3.330543
6078	-2358.51	-2428.931	70.42107	1.368412	0.1911669	2.83588
6084	-2359.342	-2430.03	70.68736	1.216196	0.2086006	2.734596
6090	-2360.031	-2431.572	71.54088	1.583017	0.1634392	2.051085
6096	-2363.848	-2435.613	71.76469	1.837475	0.1636414	1.725059
6102	-2362.271	-2432.858	70.58764	1.183981	0.2140787	2.805419
6108	-2361.376	-2431.823	70.44681	1.372473	0.2705348	2.684142
6114	-2362.051	-2433.1	71.04865	1.445289	0.2344777	2.320998
6120	-2367.474	-2438.549	71.07568	1.352433	0.201411	2.422261
6126	-2357.022	-2428.076	71.05425	1.551419	0.1656712	2.381067
6132	-2353.93	-2425.793	71.86305	1.606641	0.2644245	1.611492
6138	-2353.521	-2425.367	71.84583	1.694993	0.1708969	1.751278
6144	-2361.886	-2433.714	71.82735	1.67446	0.1703952	1.779636
6150	-2367.976	-2439.638	71.66223	1.409659	0.1741564	2.062151
6156	-2361.993	-2433.62	71.62751	1.526522	0.1741564	2.007704
6162	-2365.51	-2436.478	70.96869	1.6288	0.1419655	2.437986
6168	-2358.944	-2430.2	71.25577	1.508384	0.154153	2.30513
6174	-2364.813	-2435.654	70.8411	1.474598	0.2457596	2.414813
6180	-2360.241	-2430.98	70.73829	1.480345	0.2515359	2.466322
6186	-2366.034	-2437.455	71.42065	1.492493	0.1873806	2.138843
6192	-2357.46	-2428.372	70.91285	1.415839	0.1995004	2.488271
6198	-2355.969	-2427.078	71.10921	1.256425	0.2477649	2.379929
6204	-2360.786	-2432.23	71.44355	1.327605	0.2331414	2.144708
6210	-2364.252	-2435.759	71.50679	1.544513	0.1758169	2.072201
6216	-2365.029	-2435.292	70.26303	1.544513	0.2252242	2.764324
6222	-2364.247	-2435.539	71.29208	1.575206	0.1756345	2.19278
6228	-2361.619	-2432.122	70.50352	1.192661	0.1915128	2.891752
6234	-2357.086	-2429.531	72.44496	1.577877	0.1598618	1.425835
6240	-2357.278	-2429.458	72.17925	1.786427	0.177219	1.425835
6246	-2355.22	-2427.131	71.91061	1.727951	0.2951418	1.429819
6252	-2359.535	-2431.731	72.19666	1.508043	0.2951418	1.378455
6258	-2359.825	-2431.95	72.1252	1.52653	0.1880749	1.633797
6264	-2361.524	-2433.407	71.88304	1.495962	0.2544149	1.694831
6270	-2356.327	-2427.868	71.54012	1.721882	0.1422121	2.008361
6276	-2358.227	-2427.488	69.26087	1.294145	0.1680184	3.610681
6282	-2355.708	-2425.423	69.71501	1.280452	0.1625764	3.364153
6288	-2359.031	-2428.474	69.4433	1.155696	0.1625764	3.595662
6294	-2362.484	-2433.212	70.7275	1.351151	0.2815525	2.506731
6300	-2358.457	-2428.976	70.51858	1.294424	0.1802768	2.842213
6306	-2363.527	-2434.574	71.04704	1.395162	0.1802768	2.454228
6312	-2371.707	-2441.567	69.86045	1.03983	0.2252746	3.307599
6318	-2373.72	-2442.862	69.14236	1.241645	0.2504018	3.570044
6324	-2366.859	-2438.941	72.08165	1.838927	0.2087881	1.386045
6330	-2369.047	-2438.731	69.68491	1.209369	0.1885238	3.374497
6336	-2363.108	-2433.52	70.41206	1.514191	0.216497	2.706741
6342	-2376.716	-2448.866	72.14946	1.848055	0.152309	1.46501
6348	-2366.301	-2438.123	71.82181	1.804802	0.162453	1.710627
6354	-2364.878	-2436.693	71.81424	1.833157	0.1562656	1.710782
6360	-2360.87	-2432.512	71.6416	1.722501	0.2721126	1.67357
6366	-2353.414	-2424.618	71.20318	1.496017	0.2501192	2.162054
6372	-2359.61	-2430.769	71.15887	1.348879	0.2828642	2.232709
6378	-2357.187	-2428.04	70.85306	1.348044	0.2230633	2.525356
6384	-2358.791	-2428.827	70.03601	1.534304	0.1577629	3.033077
6390	-2352.654	-2423.343	70.68871	1.383072	0.1952824	2.655619
6396	-2360.515	-2432.327	71.81164	1.529753	0.150614	1.9352
6402	-2360.676	-2432.513	71.83695	1.504443	0.150614	1.9352
6408	-2359.087	-2430.139	71.05213	1.382957	0.2425689	2.344597
6414	-2358.675	-2429.58	70.90472	1.324799	0.1944166	2.559664
6420	-2357.658	-2427.537	69.87935	1.119933	0.1944647	3.302041
6426	-2363.524	-2433.316	69.79197	1.273378	0.2999268	3.097314
6432	-2354.641	-2423.985	69.34413	1.085445	0.2999268	3.472349
6438	-2355.478	-2426.495	71.01732	1.35042	0.2098293	2.444679
6444	-2366.037	-2436.594	70.55743	1.239102	0.2725378	2.69506
6450	-2368.854	-2440.126	71.2714	1.178798	0.2642079	2.299217
6456	-2365.229	-2435.175	69.94622	1.249468	0.3412618	2.963984
6462	-2362.265	-2434.491	72.22532	1.802511	0.1076789	1.568173
6468	-2364.023	-2436	71.9771	1.785494	0.1040898	1.768267
6474	-2364.332	-2435.489	71.1563	1.421175	0.2181889	2.296554
6480	-2352.397	-2423.143	70.74599	1.481288	0.1714935	2.605768
6486	-2353.568	-2425.171	71.60322	1.531258	0.1925913	1.982103
6492	-2361.709	-2433.496	71.78693	1.701187	0.2515912	1.621963
6498	-2364.003	-2435.944	71.94143	1.752838	0.3363264	1.312827
6504	-2370.338	-2440.566	70.22776	1.202629	0.2532798	2.947257
6510	-2377.898	-2448.044	70.14581	1.162856	0.2947608	2.958842
6516	-2382.199	-2452.651	70.45131	1.267913	0.150464	2.958842
6522	-2371.847	-2443.918	72.07085	1.430395	0.2567461	1.602785
6528	-2357.626	-2428.427	70.80036	1.408076	0.1803876	2.599734
6534	-2354.408	-2425.41	71.00182	1.406002	0.276823	2.306228
6540	-2357.944	-2428.821	70.87689	1.256505	0.2851188	2.467074
6546	-2355.115	-2425.985	70.87047	1.334282	0.147889	2.669065
6552	-2364.434	-2434.904	70.47002	1.18023	0.2712398	2.786492
6558	-2359.163	-2429.913	70.74934	1.310723	0.1732695	2.705219
6564	-2356.861	-2428.031	71.17009	1.449468	0.1858418	2.331058
6570	-2372.146	-2444.954	72.80843	1.814077	0.1550838	0.9091641
6576	-2363.464	-2435.811	72.34648	1.814077	0.2072248	1.1936
6582	-2371.13	-2443.35	72.22028	1.747544	0.3181357	1.113947
6588	-2365.242	-2437.445	72.20246	1.629928	0.1817113	1.515999
6594	-2366.884	-2437.894	71.00992	1.388465	0.1521929	2.53991
6600	-2364.661	-2435.655	70.99425	1.25256	0.2222975	2.498161
6606	-2363.693	-2434.067	70.37431	1.281258	0.1465136	3.005439
6612	-2363.29	-2433.774	70.48357	1.323675	0.2544906	2.716494
6618	-2354.163	-2425.838	71.67566	1.379152	0.1434254	2.141982
6624	-2357.509	-2427.339	69.82932	1.229715	0.2445232	3.182858
6630	-2357.969	-2429.55	71.58065	1.687802	0.1968027	1.883105
6636	-2361.679	-2433.812	72.13276	1.877082	0.2008587	1.333937
6642	-2371.925	-2443.799	71.87323	1.74093	0.2353598	1.56152
6648	-2374.441	-2445.999	71.55759	1.894133	0.1921094	1.766694
6654	-2365.154	-2435.022	69.86732	0.9520236	0.1749726	3.443474
6660	-2361.091	-2430.873	69.78252	1.031332	0.3126284	3.22933
6666	-2362.655	-2432.62	69.96574	1.258045	0.336778	2.95288
6672	-2357.361	-2427.227	69.86654	1.31388	0.3103297	3.014189
6678	-2360.065	-2430.925	70.8604	1.320211	0.2004935	2.578667
6684	-2359.578	-2430.132	70.55422	1.287559	0.2392969	2.719859
6690	-2357.665	-2428.696	71.03057	1.213001	0.2003008	2.5399
6696	-2359.62	-2430.673	71.05294	1.22543	0.2039977	2.511364
6702	-2352.591	-2422.421	69.82978	1.123897	0.26207	3.218329
6708	-2363.981	-2433.249	69.26818	0.9813092	0.2648476	3.626629
6714	-2356.83	-2428.696	71.86562	1.663121	0.1864783	1.724898
6720	-2352.002	-2423.491	71.48956	1.406797	0.2047639	2.115462
6726	-2352.538	-2423.129	70.59121	1.243466	0.2560679	2.697176
6732	-2364.076	-2434.685	70.60926	1.331942	0.2721129	2.606553
6738	-2360.761	-2432.122	71.36051	1.476267	0.2359423	2.096793
6744	-2361.769	-2434.03	72.26097	1.860942	0.1308869	1.429095
6750	-2360.731	-2432.793	72.06183	1.573421	0.1620115	1.705571
6756	-2361.471	-2431.964	70.49371	1.37429	0.2753828	2.646775
6762	-2361.629	-2432.951	71.32131	1.740292	0.2630443	1.899492
6768	-2363.577	-2434.758	71.1815	1.616977	0.1673643	2.254559
6774	-2360.802	-2432.736	71.93459	1.728747	0.1755965	1.653758
6780	-2357.576	-2429.519	71.94334	1.658621	0.1987697	1.646155
6786	-2359.16	-2430.584	71.42368	1.514368	0.2311726	2.038583
6792	-2356.855	-2429.186	72.3304	1.622731	0.1460763	1.514895
6798	-2365.018	-2437.124	72.10516	1.488224	0.1936994	1.663279
6804	-2359.694	-2430.471	70.777	1.243377	0.2170293	2.647943
6810	-2355.854	-2425.878	70.02398	1.234668	0.1947113	3.148115
6816	-2354.185	-2423.599	69.41374	1.281974	0.2375957	3.407943
6822	-2352.858	-2422.516	69.65806	1.130954	0.1616402	3.486863
6828	-2357.59	-2428.672	71.08272	1.235925	0.2036661	2.486802
6834	-2367.418	-2438.948	71.52998	1.449056	0.1695201	2.133028
6840	-2360.653	-2431.212	70.55966	0.9982306	0.3909387	2.682069
6846	-2355.72	-2425.663	69.94232	1.123563	0.2491608	3.171545
6852	-2359.851	-2430.742	70.89076	1.137357	0.2491608	2.588948
6858	-2363.753	-2434.543	70.79007	1.207842	0.1750118	2.739833
6864	-2360.403	-2431.862	71.45814	1.458352	0.3021998	1.9335
6870	-2354.941	-2426.637	71.69618	1.426067	0.260209	1.863104
6876	-2356.361	-2428.313	71.95207	1.649103	0.248986	1.544306
6882	-2354.896	-2426.535	71.63859	1.378819	0.1924181	2.060235
6888	-2357.052	-2428.403	71.35176	1.376954	0.2455876	2.150591
6894	-2356.633	-2426.874	70.24129	1.241762	0.1982668	3.007736
6900	-2365.824	-2436.906	71.08179	1.521888	0.1630067	2.387956
6906	-2365.079	-2435.702	70.62241	1.34197	0.1648122	2.780724
6912	-2366.896	-2437.042	70.14622	1.267078	0.1648122	3.112642
6918	-2367.89	-2438.802	70.91215	1.418126	0.1477593	2.591854
6924	-2367.429	-2439.401	71.97151	1.796167	0.1954101	1.532634
6930	-2366.655	-2438.441	71.78619	1.559334	0.1498506	1.934214
6936	-2359.71	-2430.585	70.87417	1.416875	0.2372088	2.444706
6942	-2364.147	-2435.792	71.6445	1.691656	0.1233938	2.005737
6948	-2356.465	-2428.281	71.81581	1.839719	0.09302549	1.874623
6954	-2357.962	-2427.666	69.70344	1.075618	0.2457589	3.346241
6960	-2357.082	-2427.089	70.00665	1.217572	0.2457589	3.082635
6966	-2352.975	-2422.675	69.69926	1.015431	0.3086722	3.29321
6972	-2367.93	-2439.834	71.9036	1.490707	0.2523434	1.68778
6978	-2357.428	-2429.376	71.9487	1.479592	0.2523434	1.663559
6984	-2357.047	-2426.129	69.08165	0.9782303	0.1923201	3.852037
6990	-2357.48	-2428.412	70.93257	1.40777	0.2258476	2.43328
6996	-2356.782	-2427.898	71.11655	1.396847	0.1685557	2.43328
7002	-2351.775	-2422.672	70.89668	1.421773	0.1785196	2.535108
7008	-2352.167	-2422.806	70.63952	1.394289	0.2069557	2.657586
7014	-2355.991	-2427.072	71.08109	1.364951	0.2439367	2.335318
7020	-2362.311	-2433.343	71.03162	1.354655	0.160862	2.528944
7026	-2355.302	-2426.497	71.1952	1.383012	0.3037837	2.155048
7032	-2354.41	-2425.011	70.60089	1.188331	0.2539714	2.728353
7038	-2350.807	-2420.93	70.12266	1.407709	0.1756121	3.021579
7044	-2355.875	-2425.303	69.42781	1.234707	0.2006923	3.48852
7050	-2348.483	-2420.036	71.55258	1.380824	0.1649318	2.172623
7056	-2352.721	-2424.066	71.34477	1.348781	0.2377624	2.187014
7062	-2352.116	-2423.456	71.34019	1.30238	0.2847966	2.142297
7068	-2355.13	-2425.455	70.32556	1.240662	0.164024	3.022866
7074	-2352.985	-2423.471	70.48636	1.36865	0.2289904	2.728931
7080	-2360.008	-2430.711	70.70279	1.463848	0.2447413	2.510024
7086	-2350.988	-2422.607	71.61843	1.463848	0.2262433	1.95142
7092	-2358.306	-2427.016	68.70954	1.161741	0.2824053	3.820016
7098	-2354.18	-2424.577	70.3966	1.200675	0.219319	2.902057
7104	-2362.686	-2433.082	70.39612	1.329791	0.1974309	2.862886
7110	-2358.02	-2428.28	70.25989	1.31143	0.2029497	2.946297
7116	-2351.297	-2420.433	69.13653	1.170318	0.2029497	3.691244
7122	-2353.947	-2423.397	69.45013	1.298592	0.1926255	3.45238
7128	-2359.58	-2428.856	69.27647	1.064634	0.2980857	3.52647
7134	-2361.397	-2431.362	69.96546	1.154631	0.2863795	3.083773
7140	-2362.167	-2431.972	69.80447	1.282457	0.1470852	3.341788
7146	-2356.618	-2426.582	69.96425	1.242311	0.2079564	3.155636
7152	-2358.932	-2429.712	70.77965	1.205375	0.2260037	2.654163
7158	-2355.544	-2426.03	70.48596	1.436149	0.2493328	2.654163
7164	-2362.784	-2434.242	71.45804	1.400146	0.295703	1.982836
7170	-2363.947	-2434.619	70.67185	1.36924	0.295703	2.509076
7176	-2359.658	-2431.252	71.59416	1.382718	0.1883205	2.095216
7182	-2360.071	-2432.011	71.94067	1.807935	0.2167938	1.500007
7188	-2353.535	-2424.463	70.92827	1.444843	0.2934093	2.302899
7194	-2358.203	-2429.555	71.35114	1.440639	0.2558429	2.091831
7200	-2364.593	-2435.536	70.94341	1.506827	0.1300052	2.557612
7206	-2367.538	-2438.426	70.88822	1.403196	0.1801736	2.548665
7212	-2360.357	-2430.996	70.63912	1.220965	0.1572834	2.859551
7218	-2360.598	-2431.777	71.17868	1.237991	0.2834176	2.290316
7224	-2361.145	-2431.634	70.48933	1.332876	0.2684541	2.685533
7230	-2356.036	-2426.868	70.83137	1.315699	0.1989474	2.602314
7236	-2354.553	-2425.709	71.15615	1.340084	0.2582687	2.279427
7242	-2354.846	-2425.279	70.43282	1.24334	0.1947749	2.897844
7248	-2353.948	-2424.907	70.95932	1.336969	0.188548	2.529299
7254	-2355.845	-2426.728	70.88278	1.316301	0.1761775	2.613837
7260	-2361.327	-2432.487	71.15927	1.438098	0.2148539	2.289916
7266	-2359.617	-2429.922	70.30555	1.144787	0.2452996	2.947825
7272	-2363.725	-2434.358	70.63351	1.21406	0.1970511	2.789678
7278	-2361.194	-2431.675	70.48127	1.309275	0.2236569	2.777362
7284	-2366.108	-2437.228	71.12047	1.477847	0.3316305	2.10103
7290	-2364.283	-2435.842	71.55889	1.380863	0.2438452	2.014757
7296	-2362.724	-2433.798	71.07376	1.538509	0.2257216	2.260707
7302	-2358.189	-2429.139	70.95033	1.248141	0.2136664	2.543605
7308	-2356.206	-2427.709	71.50276	1.509052	0.2026571	2.043558
7314	-2360.471	-2430.719	70.24765	1.367386	0.1799896	2.962352
7320	-2363.022	-2433.927	70.9053	1.574359	0.1366903	2.523803
7326	-2365.325	-2435.77	70.44416	1.690493	0.1366903	2.736825
7332	-2366.972	-2437.525	70.5533	1.282989	0.3002774	2.629581
7338	-2365.403	-2437.129	71.72629	1.417836	0.2279574	1.906468
7344	-2362.741	-2434.372	71.63135	1.417836	0.1927481	2.038552
7350	-2355.422	-2426.313	70.89116	1.172446	0.1927481	2.6654
7356	-2359.376	-2430.43	71.05413	1.40762	0.1706323	2.461454
7362	-2355.882	-2426.805	70.92323	1.391556	0.2189782	2.461454
7368	-2355.509	-2427.647	72.13821	1.420278	0.230243	1.612361
7374	-2358.589	-2430.055	71.46618	1.415003	0.230243	2.077823
7380	-2350.881	-2422.48	71.5991	1.453547	0.2250792	1.973474
7386	-2360.595	-2432.259	71.66468	1.412804	0.2251505	1.956684
7392	-2357.3	-2428.422	71.1228	1.366089	0.2211184	2.347729
7398	-2355.039	-2425.973	70.93392	1.290916	0.2149986	2.524803
7404	-2378.316	-2450.136	71.81984	1.802099	0.2891062	1.453496
7410	-2373.414	-2445.775	72.36103	1.735345	0.2123021	1.235606
7416	-2372.131	-2444.682	72.55087	1.770657	0.2191757	1.014744
7422	-2371.063	-2442.286	71.22299	1.433701	0.2016317	2.276647
7428	-2367.164	-2438.156	70.99221	1.433698	0.2743557	2.298556
7434	-2362.624	-2434.14	71.51529	1.393687	0.2040238	2.108624
7440	-2358.852	-2429.601	70.7493	1.179067	0.2217812	2.696265
7446	-2366.257	-2435.771	69.5145	1.30402	0.2515842	3.314038
7452	-2362.106	-2431.415	69.30909	1.251937	0.2515842	3.465069
7458	-2362.856	-2433.037	70.18063	1.251373	0.2190419	3.002018
7464	-2366.221	-2436.426	70.20509	1.33369	0.2190419	2.937821
7470	-2369.336	-2440.29	70.95378	1.28654	0.2469849	2.460195
7476	-2366.564	-2436.936	70.37186	1.184991	0.1734443	3.009905
7482	-2366.968	-2438.484	71.51545	1.49214	0.1649085	2.12433
7488	-2363.91	-2435.251	71.34023	1.395342	0.2043185	2.22081
7494	-2358.469	-2428.531	70.06177	1.107048	0.2593295	3.094658
7500	-2362.702	-2434.132	71.43054	1.204877	0.305039	2.115804
7506	-2347.568	-2418.264	70.69592	1.268726	0.1606397	2.789091
7512	-2348.47	-2419.873	71.40335	1.491323	0.2113129	2.10403
7518	-2353.423	-2425.162	71.73959	1.425612	0.2147889	1.917291
7524	-2365.411	-2436.856	71.4446	1.557114	0.2765307	1.917291
7530	-2359.582	-2429.829	70.24703	1.399667	0.173495	2.955837
7536	-2360.666	-2430.174	69.50797	1.119125	0.1888385	3.530149
7542	-2355.141	-2425.728	70.5872	1.41868	0.2343014	2.627229
7548	-2357.094	-2427.813	70.71926	1.264232	0.242624	2.627229
7554	-2366.511	-2437.771	71.25941	1.332269	0.2198046	2.284546
7560	-2359.866	-2429.845	69.97883	1.189383	0.3055896	3.028008
7566	-2360.738	-2430.982	70.24365	1.3481	0.2615577	2.836864
7572	-2368.117	-2438.68	70.56223	1.255418	0.3922581	2.519665
7578	-2375.435	-2444.635	69.20047	1.19233	0.2464849	3.570906
7584	-2359.967	-2431.627	71.66025	1.605444	0.1619949	1.959865
7590	-2361.661	-2431.955	70.29468	1.180799	0.2523677	2.921506
7596	-2359.135	-2430.323	71.18815	1.570228	0.1827795	2.248391
7602	-2362.673	-2434.56	71.88707	1.558844	0.2412182	1.671913
7608	-2358.032	-2430.119	72.08629	1.78159	0.1368523	1.602202
7614	-2360.673	-2430.746	70.07268	1.383545	0.1436754	3.130569
7620	-2361.188	-2431.464	70.27622	1.338893	0.2082619	2.910474
7626	-2366.952	-2438.551	71.59891	1.458258	0.2452702	1.933611
7632	-2362.569	-2433.578	71.00925	1.368319	0.2255231	2.41039
7638	-2362.526	-2434.161	71.63477	1.345981	0.2255231	2.020602
7644	-2366.604	-2437.877	71.27317	1.304598	0.1988031	2.332436
7650	-2368.043	-2439.495	71.45257	1.40741	0.1985165	2.15135
7656	-2360.02	-2430.764	70.74416	1.340331	0.1778893	2.68109
7662	-2357.596	-2427.274	69.67783	1.220787	0.227088	3.30561
7668	-2362.537	-2432.201	69.66359	1.24668	0.1744187	3.391263
7674	-2362.951	-2433.395	70.44356	1.24764	0.2900123	2.733612
7680	-2358.461	-2428.666	70.20525	1.229237	0.2531757	2.944947
7686	-2350.243	-2421.127	70.8835	1.307859	0.2080278	2.558186
7692	-2351.825	-2422.265	70.43923	1.220711	0.1832946	2.929027
7698	-2359.662	-2430.959	71.29637	1.405606	0.2392461	2.17896
7704	-2372.687	-2443.158	70.47151	1.317088	0.2805674	2.68783
7710	-2366.992	-2438.681	71.68864	1.506495	0.292354	1.758197
7716	-2364.163	-2434.876	70.71344	1.343808	0.1594092	2.735103
7722	-2355.675	-2426.631	70.95647	1.389943	0.1695112	2.535844
7728	-2360.623	-2430.826	70.2031	1.243733	0.2641617	2.92056
7734	-2364.626	-2435.755	71.12839	1.432028	0.2003096	2.340604
7740	-2358.065	-2428.411	70.34643	1.233679	0.2012827	2.943985
7746	-2355.83	-2426.715	70.8845	1.527998	0.142446	2.552584
7752	-2361.679	-2431.529	69.85009	1.088181	0.2253086	3.285148
7758	-2369.362	-2440.223	70.86129	1.207814	0.2253086	2.603444
7764	-2357.287	-2427.875	70.58789	1.260073	0.1825603	2.816602
7770	-2359.348	-2428.355	69.00731	1.212957	0.2371814	3.685352
7776	-2358.992	-2429.143	70.1516	1.377698	0.1770532	3.019449
7782	-2357.735	-2428.122	70.38676	1.284918	0.2379517	2.825828
7788	-2357.976	-2428.707	70.7302	1.340977	0.3589455	2.402622
7794	-2349.686	-2420.431	70.74535	1.441429	0.2191744	2.541102
7800	-2376.29	-2447.147	70.85704	1.32601	0.1515245	2.674568
7806	-2370.898	-2440.444	69.54537	1.313281	0.2020077	3.371421
7812	-2360.747	-2432.716	71.96914	1.858236	0.136833	1.631571
7818	-2353.903	-2426.166	72.2627	1.701025	0.1021347	1.631571
7824	-2353.94	-2424.983	71.04315	1.534989	0.2430572	2.252349
7830	-2356.685	-2428.495	71.81013	1.468918	0.1880484	1.894094
7836	-2348.463	-2419.808	71.34443	1.487688	0.2530266	2.070071
7842	-2355.908	-2426.818	70.91066	1.379969	0.181336	2.546864
7848	-2363.207	-2433.117	69.90922	1.107933	0.2972311	3.129775
7854	-2363.198	-2432.802	69.6048	1.182986	0.2026882	3.4118
7860	-2356.18	-2426.903	70.72293	1.282886	0.2505763	2.600463
7866	-2359.304	-2429.243	69.93881	1.201694	0.2587848	3.112363
7872	-2364.251	-2433.735	69.4836	1.220958	0.2067836	3.453443
7878	-2355.351	-2426.25	70.89923	1.320595	0.1944194	2.565678
7884	-2373.115	-2441.974	68.85848	1.340428	0.1828068	3.78903
7890	-2356.773	-2426.924	70.1506	1.043292	0.2585932	3.080821
7896	-2354.396	-2424.8	70.40368	1.122534	0.3820687	2.712245
7902	-2355.505	-2426.307	70.80241	1.482727	0.2488608	2.42893
7908	-2353.546	-2424.62	71.07353	1.239764	0.1698925	2.555671
7914	-2361.3	-2432.404	71.1036	1.479257	0.2569777	2.225887
7920	-2353.807	-2424.892	71.08428	1.407948	0.2491341	2.297129
7926	-2363.274	-2434.178	70.90354	1.663156	0.2936062	2.177988
7932	-2350.828	-2422.1	71.27204	1.45331	0.2525738	2.140853
7938	-2355.405	-2426.206	70.80118	1.329522	0.2730371	2.487231
7944	-2355.619	-2426.032	70.4132	1.234592	0.1963698	2.912057
7950	-2357.637	-2429.391	71.75397	1.431885	0.2430477	1.850154
7956	-2365.504	-2436.485	70.9808	1.309529	0.2112461	2.490647
7962	-2358.71	-2429.398	70.68837	1.239727	0.2504277	2.648708
7968	-2357.268	-2427.751	70.483	1.272321	0.2030864	2.834809
7974	-2356.624	-2426.538	69.91372	1.049071	0.2188353	3.281412
7980	-2358.644	-2430.117	71.47363	1.384074	0.2340181	2.086476
7986	-2358.845	-2429.367	70.5217	1.337365	0.2884736	2.632706
7992	-2358.449	-2428.564	70.11491	1.233988	0.2684446	2.973055
7998	-2360.792	-2431.944	71.15246	1.378126	0.1886155	2.382062
8004	-2357.279	-2428.834	71.55512	1.368062	0.2051033	2.097221
8010	-2362.654	-2434.243	71.58829	1.413717	0.1793368	2.097221
8016	-2366.339	-2437.264	70.92488	1.342264	0.2407693	2.453711
8022	-2363.098	-2434.112	71.01342	1.32861	0.2124991	2.455977
8028	-2364.058	-2434.31	70.2516	1.180633	0.4542495	2.686973
8034	-2358.506	-2429.065	70.55862	1.164294	0.185835	2.886198
8040	-2368.393	-2439.408	71.01462	1.309949	0.2040884	2.48231
8046	-2372.374	-2443.459	71.08546	1.217047	0.2216677	2.464392
8052	-2367.957	-2438.35	70.39347	1.179406	0.1875916	2.973367
8058	-2365.729	-2436.26	70.53167	1.149142	0.2088816	2.869664
8064	-2358.957	-2429.78	70.82359	1.443048	0.1919641	2.541226
8070	-2358.096	-2428.88	70.78358	1.367335	0.2903929	2.448155
8076	-2358.704	-2429.603	70.89854	1.210578	0.2646118	2.513874
8082	-2362.055	-2432.851	70.79578	1.145706	0.3087059	2.552351
8088	-2367.635	-2438.414	70.779	1.155013	0.1894756	2.751021
8094	-2367.402	-2437.089	69.68631	1.130351	0.2188516	3.367387
8100	-2362.102	-2433.618	71.516	1.467645	0.2218546	2.025498
8106	-2357.94	-2429.156	71.21656	1.441277	0.2218546	2.238365
8112	-2361.421	-2432.18	70.75961	1.388678	0.2218546	2.56034
8118	-2366.033	-2437.168	71.13479	1.293425	0.3235399	2.223254
8124	-2368.714	-2440.087	71.37287	1.355032	0.3106641	2.046453
8130	-2361.334	-2431.603	70.2682	1.390985	0.1854638	2.925385
8136	-2359.403	-2431.089	71.68645	1.433194	0.2083963	1.960444
8142	-2356.493	-2428.252	71.75876	1.376531	0.1687717	2.031823
8148	-2361.069	-2432.434	71.36507	1.575342	0.1989488	2.097907
8154	-2370.304	-2440.086	69.78207	1.269377	0.2166241	3.232756
8160	-2369.124	-2438.774	69.65009	1.149335	0.2411196	3.341514
8166	-2362.453	-2431.778	69.32496	0.9843219	0.2422525	3.625918
8172	-2358.65	-2429.439	70.78828	1.347618	0.1777668	2.64969
8178	-2370.219	-2440.698	70.47989	1.405301	0.1848913	2.789494
8184	-2360.917	-2432.05	71.13289	1.136141	0.2245295	2.48035
8190	-2365.23	-2435.259	70.02957	1.190346	0.2076242	3.148275
8196	-2362.419	-2433.61	71.19188	1.179157	0.192446	2.475111
8202	-2364.646	-2436.41	71.76407	1.243367	0.2009055	2.049896
8208	-2358.263	-2429.724	71.46173	1.366255	0.207247	2.155342
8214	-2363.816	-2434.833	71.01754	1.341759	0.207247	2.45471
8220	-2360.368	-2430.821	70.45331	1.207994	0.2648575	2.789487
8226	-2366.121	-2436.465	70.34331	1.312435	0.1863963	2.925707
8232	-2363.399	-2434	70.60089	1.161838	0.2690279	2.72114
8238	-2366.028	-2435.353	69.32465	0.8847585	0.2690279	3.643787
8244	-2362.428	-2432.696	70.2679	1.118614	0.2932947	2.914011
8250	-2355.472	-2426	70.52746	1.306598	0.2174536	2.761491
8256	-2354.455	-2425.65	71.19501	1.310681	0.2400931	2.303828
8262	-2371.561	-2443.748	72.18638	1.608773	0.1920321	1.519843
8268	-2375.819	-2447.866	72.04724	1.577099	0.1920321	1.644738
8274	-2366.618	-2438.169	71.5515	1.276004	0.2039752	2.161911
8280	-2365.418	-2437.088	71.6703	1.299713	0.2489422	1.985626
8286	-2351.499	-2422.704	71.20539	1.422809	0.2092026	2.280629
8292	-2356.59	-2427.922	71.33158	1.383095	0.2590877	2.13687
8298	-2361.475	-2432.701	71.22579	1.383095	0.3025763	2.13687
8304	-2365.072	-2435.644	70.57159	1.339097	0.2676101	2.632344
8310	-2362.998	-2432.874	69.87578	1.125816	0.2676101	3.181656
8316	-2353.816	-2424.483	70.66691	1.273017	0.2351979	2.666386
8322	-2356.378	-2426.489	70.11127	1.230122	0.2351979	3.029492
8328	-2349.937	-2420.192	70.25499	1.281028	0.2822536	2.839522
8334	-2358.674	-2429.585	70.9113	1.009882	0.1832903	2.770609
8340	-2363.714	-2434.304	70.58946	1.109021	0.2624006	2.770609
8346	-2359.144	-2429.582	70.43744	1.3416	0.2318152	2.770609
8352	-2358.808	-2430.137	71.32931	1.43441	0.2099794	2.191898
8358	-2360.095	-2430.847	70.75184	1.071181	0.2857487	2.658957
8364	-2353.01	-2424.609	71.59868	1.440746	0.2061696	2.018368
8370	-2356.48	-2427.055	70.57541	1.344743	0.2462588	2.660345
8376	-2355.844	-2426.442	70.59717	1.438662	0.204744	2.660345
8382	-2352.875	-2424.418	71.54286	1.433065	0.2687993	1.947599
8388	-2355.742	-2427.431	71.68918	1.363133	0.2392956	1.947599
8394	-2353.904	-2424.606	70.70256	1.541692	0.1384467	2.665623
8400	-2346.654	-2417.163	70.50929	1.245289	0.3103635	2.665623
8406	-2351.405	-2423.284	71.8793	1.308008	0.2510031	1.834782
8412	-2356.275	-2427.393	71.11803	1.286631	0.2512687	2.349366
8418	-2355.572	-2427.494	71.92204	1.593497	0.21563	1.672679
8424	-2356.385	-2428.195	71.81075	1.593497	0.1799945	1.825738
8430	-2359.016	-2430.317	71.30142	1.622911	0.3145642	1.909067
8436	-2361.945	-2433.331	71.38576	1.485602	0.2671451	2.02027
8442	-2360.129	-2431.517	71.38852	1.289425	0.2092145	2.248685
8448	-2356.815	-2428.847	72.03231	1.402497	0.1929896	1.7766
8454	-2353.282	-2423.956	70.67438	1.251061	0.2339747	2.677342
8460	-2360.36	-2430.874	70.51427	1.24658	0.2494641	2.752881
8466	-2351.735	-2422.805	71.07015	1.226751	0.2625737	2.399217
8472	-2354.312	-2424.143	69.83096	1.05547	0.3573079	3.128724
8478	-2356.933	-2425.812	68.87984	1.050863	0.2190239	3.881114
8484	-2349.783	-2418.978	69.19552	1.069771	0.3001708	3.567763
8490	-2352.647	-2422.594	69.94669	1.277632	0.2159092	3.131417
8496	-2356.434	-2426.015	69.58025	1.088155	0.2804651	3.359596
8502	-2354.974	-2425.918	70.9437	1.411586	0.2075908	2.456603
8508	-2350.473	-2421.497	71.02436	1.333622	0.2055647	2.458638
8514	-2360.655	-2430.94	70.28507	1.165606	0.3212127	2.836395
8520	-2363.567	-2434.516	70.94911	1.204923	0.2624413	2.48924
8526	-2357.531	-2429.004	71.47306	1.316672	0.2411157	2.118513
8532	-2356.995	-2426.955	69.96022	1.485139	0.3104423	2.854349
8538	-2360.631	-2430.843	70.21236	1.151641	0.2354019	3.015613
8544	-2357.312	-2427.587	70.27471	1.141981	0.2129236	3.021675
8550	-2358.683	-2430.613	71.93041	1.569389	0.2005006	1.715186
8556	-2365.353	-2436.55	71.19661	1.46833	0.1685044	2.337517
8562	-2350.993	-2421.266	70.27262	1.289439	0.2879936	2.815317
8568	-2352.166	-2422.24	70.07453	1.069867	0.1880819	3.227916
8574	-2354.338	-2423.595	69.25719	0.9556825	0.2771098	3.630187
8580	-2354.743	-2424.545	69.80183	1.177363	0.1943643	3.314049
8586	-2354.269	-2423.646	69.37725	1.303131	0.1771091	3.520593
8592	-2356.371	-2428.285	71.9138	1.642683	0.2305564	1.613188
8598	-2354.78	-2426.565	71.78524	1.484494	0.2131224	1.849392
8604	-2357.511	-2429.6	72.0894	1.7433	0.219392	1.430568
8610	-2359.048	-2430.483	71.43535	1.481486	0.2648534	1.993824
8616	-2368.942	-2439.585	70.6432	1.067269	0.2403281	2.798354
8622	-2361.746	-2433.408	71.66273	1.411481	0.2717826	1.876022
8628	-2367.593	-2439.034	71.44082	1.411481	0.1785535	2.196428
8634	-2358.699	-2430.422	71.72344	1.424038	0.1510479	2.063495
8640	-2356.53	-2427.057	70.52725	1.209497	0.1713536	2.905747
8646	-2359.586	-2430.018	70.43132	1.200245	0.2053186	2.905747
8652	-2357.132	-2427.573	70.44173	1.407195	0.2967521	2.62687
8658	-2365.375	-2436.772	71.39751	1.499937	0.1463376	2.237215
8664	-2361.537	-2432.554	71.01705	1.434936	0.1869894	2.43484
8670	-2366.766	-2437.113	70.34709	1.456738	0.1849044	2.838939
8676	-2376.658	-2446.284	69.62542	1.206254	0.2103741	3.372844
8682	-2354.705	-2425.546	70.84074	1.395905	0.2068108	2.532225
8688	-2354.946	-2424.313	69.36747	1.253531	0.2068108	3.502188
8694	-2356.301	-2426.953	70.65184	1.369416	0.2546899	2.584282
8700	-2360.399	-2431.362	70.96307	1.065872	0.2111502	2.653062
8706	-2353.511	-2424.25	70.73824	1.111239	0.2821263	2.648041
8712	-2357.891	-2427.956	70.06451	1.284483	0.3573819	2.850869
8718	-2364.576	-2435.121	70.54501	1.275388	0.1735181	2.850869
8724	-2363.025	-2433.295	70.26975	1.29734	0.3150278	2.774006
8730	-2359.704	-2429.834	70.12937	1.239492	0.1625384	3.143618
8736	-2362.282	-2431.988	69.70579	1.136295	0.2053892	3.375279
8742	-2357.663	-2427.382	69.71976	1.252146	0.1746064	3.354726
8748	-2353.213	-2423.807	70.59373	1.332388	0.1928783	2.749468
8754	-2357.592	-2428.503	70.91089	1.441579	0.1640512	2.543329
8760	-2363.207	-2434.006	70.79904	1.111794	0.2311922	2.690991
8766	-2359.749	-2429.886	70.137	1.334258	0.2320097	2.956746
8772	-2352.147	-2423.157	71.00931	1.379263	0.2152654	2.421705
8778	-2358.644	-2429.866	71.22195	1.649781	0.1451577	2.256457
8784	-2364.145	-2435.847	71.70168	1.639304	0.245871	1.737407
8790	-2359.482	-2431.311	71.82876	1.509589	0.1913203	1.846743
8796	-2360.249	-2431.247	70.99788	1.50529	0.1552882	2.467753
8802	-2366.669	-2437.72	71.05028	1.453595	0.1512523	2.476074
8808	-2353.907	-2425.639	71.73199	1.543234	0.2011871	1.869534
8814	-2357.706	-2429.489	71.78257	1.419614	0.1471411	2.036398
8820	-2359.264	-2430.788	71.52377	1.493411	0.265915	1.924665
8826	-2355.833	-2427.469	71.6359	1.518644	0.1769556	2.001357
8832	-2354.673	-2426.171	71.49774	1.653127	0.166201	2.027126
8838	-2347.747	-2419.827	72.07955	1.654247	0.1974585	1.553118
8844	-2347.46	-2419.38	71.91956	1.726131	0.1974585	1.61747
8850	-2362.844	-2434.598	71.75442	1.767739	0.3621324	1.405892
8856	-2353.983	-2425.713	71.73007	1.825462	0.2993825	1.485448
8862	-2358.666	-2430.981	72.31487	1.583695	0.250231	1.31276
8868	-2356.5	-2428.897	72.39687	1.835338	0.2218756	1.092521
8874	-2358.959	-2431.315	72.35675	1.728601	0.230272	1.202053
8880	-2362.093	-2434.63	72.53628	1.684464	0.1969687	1.167816
8886	-2359.989	-2432.246	72.25727	1.557859	0.1969687	1.493674
8892	-2371.345	-2443.376	72.03123	2.057584	0.1292756	1.459054
8898	-2362.947	-2434.345	71.39791	1.662997	0.1825155	2.051791
8904	-2354.471	-2425.708	71.23677	1.325025	0.1775416	2.384345
8910	-2362.567	-2433.764	71.19623	1.56485	0.274201	2.081581
8916	-2365.093	-2437.142	72.04954	1.669729	0.2628299	1.428421
8922	-2358.728	-2430.607	71.879	1.585078	0.1873667	1.768268
8928	-2361.254	-2432.779	71.52544	1.409509	0.205186	2.089329
8934	-2356.255	-2427.834	71.57868	1.393263	0.2155275	2.04514
8940	-2354.414	-2425.449	71.03514	1.476505	0.2293742	2.318611
8946	-2359.701	-2430.187	70.48663	1.228986	0.2876283	2.722149
8952	-2358.379	-2429.573	71.19381	1.566119	0.187236	2.238433
8958	-2356.216	-2427.556	71.3406	1.570519	0.2237192	2.070015
8964	-2354.751	-2425.229	70.47785	1.263572	0.2197634	2.813943
8970	-2356.607	-2428.257	71.64971	1.420676	0.2283454	1.955496
8976	-2354.495	-2425.668	71.17348	1.390482	0.2059455	2.327732
8982	-2357.99	-2428.197	70.20628	1.138245	0.2534174	2.998651
8988	-2364.295	-2433.902	69.60665	1.233097	0.2534174	3.298729
8994	-2361.164	-2433.139	71.97501	1.592014	0.2541121	1.559652
9000	-2358.876	-2430.87	71.99445	1.624009	0.1887023	1.6563
9006	-2359.103	-2430.945	71.84249	1.591855	0.2488297	1.665789
9012	-2369.569	-2440.183	70.61395	1.591855	0.3730758	2.298756
9018	-2363.651	-2434.658	71.00693	1.473768	0.1917245	2.40754
9024	-2366.977	-2439.075	72.09789	1.67912	0.1445661	1.647653
9030	-2355.769	-2427.756	71.98688	1.557474	0.1365358	1.831394
9036	-2360.907	-2432.76	71.8524	1.786748	0.111947	1.831394
9042	-2354.076	-2425.15	71.07415	1.431717	0.2361395	2.310511
9048	-2357.877	-2428.831	70.95418	1.434881	0.1815674	2.484983
9054	-2357.792	-2428.27	70.47831	1.37056	0.1815674	2.817953
9060	-2360.552	-2430.436	69.88443	1.160999	0.2005904	3.263947
9066	-2359.923	-2429.448	69.52542	0.9838968	0.2662413	3.473372
9072	-2355.484	-2426.025	70.54023	1.242759	0.1832227	2.854779
9078	-2361.8	-2432.915	71.11579	1.342812	0.145638	2.516752
9084	-2356.318	-2428.09	71.77178	1.44739	0.1984228	1.913252
9090	-2361.024	-2432.749	71.72495	1.408961	0.1941332	1.97934
9096	-2362.225	-2433.235	71.00929	1.483799	0.1941332	2.395079
9102	-2368.605	-2438.451	69.84614	1.239258	0.1579601	3.320459
9108	-2366.331	-2437.004	70.67313	1.459677	0.165008	2.677218
9114	-2362.473	-2433.771	71.2978	1.611473	0.180154	2.156144
9120	-2354.248	-2425.369	71.12138	1.437177	0.3754647	2.066785
9126	-2361.785	-2433.256	71.4713	1.526802	0.263128	1.942275
9132	-2362.394	-2434.276	71.88222	1.461991	0.2101951	1.80394
9138	-2367.785	-2438.414	70.62844	1.357054	0.1736013	2.750213
9144	-2362.826	-2433.35	70.52456	1.244533	0.2067037	2.819972
9150	-2366.074	-2436.534	70.46007	1.169759	0.257534	2.819972
9156	-2359.574	-2430.524	70.95047	1.224241	0.2659545	2.470731
9162	-2361.053	-2432.41	71.35743	1.43996	0.2810085	2.046629
9168	-2371.81	-2443.167	71.35644	1.416502	0.3378376	1.976408
9174	-2363.465	-2435.28	71.81529	1.812558	0.3607193	1.324797
9180	-2368.203	-2439.947	71.74468	1.571201	0.2108808	1.822133
9186	-2368.046	-2439.507	71.46077	1.474219	0.199448	2.10049
9192	-2386.958	-2459.641	72.68356	2.122874	0.1320736	0.7851559
9198	-2379.16	-2451.606	72.44649	2.122874	0.1865494	0.8515348
9204	-2361.94	-2432.444	70.50385	1.241682	0.2595893	2.746249
9210	-2365.828	-2437.048	71.22006	1.713655	0.1989138	2.102375
9216	-2367.102	-2437.414	70.31146	1.446798	0.17613	2.883399
9222	-2361.216	-2430.867	69.65046	1.279181	0.2229601	3.294106
9228	-2362.658	-2432.717	70.05821	1.218993	0.2199209	3.093123
9234	-2372.557	-2443.755	71.19831	1.442508	0.2119488	2.267442
9240	-2360.776	-2431.95	71.17451	1.562476	0.2119488	2.205506
9246	-2378.678	-2449.893	71.215	1.502246	0.2188489	2.205506
9252	-2361.546	-2432.193	70.64717	1.238963	0.2273312	2.712674
9258	-2358.284	-2429.736	71.45162	1.532228	0.2273312	2.015211
9264	-2365.021	-2437.602	72.58102	2.007022	0.1419993	0.9941138
9270	-2363.973	-2435.419	71.44631	1.591744	0.1436931	2.152275
9276	-2365.497	-2436.516	71.01877	1.445875	0.2711794	2.278803
9282	-2358.074	-2428.9	70.82599	1.340434	0.2282096	2.538038
9288	-2362.732	-2433.838	71.10581	1.324811	0.260539	2.317649
9294	-2357.198	-2428.694	71.49659	1.676007	0.2321443	1.879298
9300	-2359.859	-2431.456	71.59748	1.674147	0.2838459	1.718788
9306	-2357.881	-2429.66	71.77931	1.494158	0.2797528	1.724482
9312	-2358.845	-2430.541	71.69539	1.582519	0.1702118	1.933301
9318	-2362.749	-2434.491	71.74181	1.778364	0.1275601	1.87096
9324	-2360.727	-2432.775	72.04852	1.5016	0.1120075	1.892085
9330	-2351.214	-2422.885	71.6712	1.556615	0.1837145	1.937893
9336	-2355.778	-2426.546	70.76863	1.319479	0.2163612	2.607289
9342	-2351.907	-2423.176	71.26863	1.290693	0.1672194	2.407113
9348	-2354.957	-2425.756	70.79908	1.336382	0.2124565	2.584904
9354	-2362.153	-2433.183	71.0295	1.489023	0.2411903	2.293752
9360	-2360.544	-2431.73	71.1861	1.297195	0.1895762	2.41007
9366	-2361.36	-2432.751	71.39073	1.471955	0.2193827	2.109866
9372	-2372.957	-2444.19	71.23262	1.627586	0.1188512	2.326811
9378	-2372.896	-2443.384	70.4885	1.46102	0.2598659	2.620457
9384	-2359.439	-2429.941	70.5023	1.168154	0.2315448	2.837136
9390	-2365.518	-2434.918	69.40002	1.37968	0.2456731	3.346
9396	-2359.659	-2430.883	71.22422	1.40802	0.2011295	2.293253
9402	-2356.803	-2428.323	71.51972	1.560518	0.1678821	2.070165
9408	-2358.571	-2430.221	71.65021	1.547813	0.2335417	1.85934
9414	-2365.397	-2437.108	71.71114	1.642121	0.2302798	1.758224
9420	-2366.797	-2438.348	71.55092	1.579127	0.2365213	1.900138
9426	-2365.704	-2437.333	71.62909	1.579127	0.1794894	1.960049
9432	-2361.202	-2432.806	71.60452	1.639273	0.3975315	1.562572
9438	-2365.737	-2437.768	72.03147	1.82532	0.3496796	1.151938
9444	-2361.764	-2434.245	72.48023	1.800247	0.2644758	0.9325229
9450	-2359.994	-2432.354	72.35995	1.911963	0.1526821	1.246335
9456	-2354.242	-2425.097	70.85471	1.359375	0.3125496	2.375839
9462	-2357.259	-2427.857	70.5981	1.08043	0.3514395	2.657116
9468	-2356.85	-2426.601	69.75149	1.001333	0.2389472	3.372312
9474	-2354.968	-2424.984	70.01602	1.238995	0.2363905	3.079197
9480	-2364.137	-2435.401	71.26373	1.254892	0.2363905	2.301941
9486	-2356.784	-2428.626	71.84211	1.477709	0.2563779	1.733036
9492	-2361.522	-2433.292	71.77032	1.36909	0.2729059	1.829467
9498	-2363.141	-2435.036	71.89535	1.516883	0.1758022	1.829467
9504	-2363.535	-2436.072	72.53746	1.729945	0.2055644	1.103257
9510	-2363.709	-2433.641	69.93203	1.098595	0.3658289	3.032168
9516	-2376.561	-2446.313	69.75196	1.177786	0.5984512	2.852746
9522	-2358.475	-2429.438	70.96253	1.304606	0.1578699	2.60922
9528	-2359.425	-2429.036	69.611	0.9902362	0.2884849	3.387672
9534	-2359.111	-2429.724	70.6132	1.22507	0.1990266	2.791725
9540	-2354.985	-2426.368	71.38349	1.435221	0.1465921	2.287175
9546	-2358.653	-2429.315	70.66226	1.18605	0.1821962	2.817088
9552	-2368.834	-2438.906	70.07169	1.091234	0.274352	3.07567
9558	-2359.473	-2429.568	70.09432	1.091234	0.2794085	3.054743
9564	-2355.258	-2425.646	70.3877	1.15105	0.2144237	2.945771
9570	-2360.781	-2431.401	70.62067	1.398167	0.3141914	2.496342
9576	-2363.955	-2434.324	70.36937	1.060753	0.2307808	2.983501
9582	-2363.998	-2436.395	72.39717	1.760128	0.3066613	0.9555411
9588	-2371.581	-2443.875	72.29409	1.9328	0.2716336	0.9701244
9594	-2355.087	-2424.594	69.50708	1.038847	0.2072941	3.545107
9600	-2355.123	-2425.461	70.3384	1.228787	0.2072941	2.941084
9606	-2350.908	-2421.706	70.79812	1.513518	0.2126448	2.474774
9612	-2359.139	-2431.282	72.14259	1.730723	0.1802176	1.488872
9618	-2365.301	-2437.512	72.21131	1.815792	0.2773145	1.146568
9624	-2367.341	-2437.524	70.18336	1.069446	0.2154058	3.115318
9630	-2354.601	-2425.241	70.64014	1.320415	0.1723037	2.768016
9636	-2350.39	-2421.07	70.68024	1.327328	0.3097027	2.509758
9642	-2353.744	-2425.154	71.40966	1.514498	0.242115	2.028175
9648	-2354.663	-2425.449	70.78624	1.517895	0.2091173	2.485875
9654	-2357.434	-2428.943	71.50879	1.418314	0.2974654	1.933782
9660	-2348.231	-2419.554	71.32372	1.377754	0.3320544	2.032382
9666	-2345.064	-2415.997	70.93235	1.449504	0.2822065	2.314426
9672	-2352.803	-2422.803	69.99992	1.129271	0.31212	3.04243
9678	-2355.222	-2425.879	70.65736	1.401136	0.2120785	2.633184
9684	-2367.226	-2437.531	70.30513	1.096327	0.2261219	3.008431
9690	-2367.073	-2437.64	70.56713	1.012385	0.2401708	2.87809
9696	-2368.333	-2437.878	69.54498	1.212746	0.1729313	3.483341
9702	-2360.96	-2430.574	69.6147	0.9491898	0.2724477	3.432411
9708	-2355.007	-2426.196	71.18838	1.268815	0.1895647	2.426542
9714	-2351.002	-2421.894	70.89197	1.307029	0.2277972	2.518449
9720	-2356.442	-2427.574	71.13247	1.255824	0.3211054	2.252445
9726	-2360.607	-2431.511	70.90401	1.668196	0.1174958	2.511719
9732	-2354.128	-2424.832	70.70401	1.365261	0.1767297	2.69272
9738	-2355.95	-2426.346	70.39669	1.235134	0.2130683	2.891965
9744	-2356.278	-2427.819	71.54172	1.274129	0.264017	2.062244
9750	-2368.019	-2440.261	72.24166	1.625691	0.1783385	1.49784
9756	-2361.737	-2432.057	70.31999	1.036826	0.2673407	2.969955
9762	-2354.115	-2423.554	69.43852	1.134007	0.1698991	3.596926
9768	-2355.129	-2425.688	70.55885	1.38119	0.2312821	2.672886
9774	-2354.522	-2426.087	71.56497	1.598836	0.1965868	1.954312
9780	-2369.272	-2439.994	70.72193	1.356178	0.1943396	2.653484
9786	-2367.882	-2438.287	70.40514	1.239319	0.2330829	2.85036
9792	-2362.653	-2432.957	70.30441	1.342481	0.2556175	2.8126
9798	-2358.844	-2429.216	70.37207	1.362916	0.2013602	2.850257
9804	-2355.138	-2425.67	70.53194	1.32056	0.2137097	2.756767
9810	-2356.105	-2427.024	70.91895	1.536941	0.2019726	2.403691
9816	-2348.668	-2419.76	71.09167	1.50785	0.2289537	2.263149
9822	-2359.965	-2431.111	71.1458	1.453714	0.2289537	2.263149
9828	-2356.254	-2427.999	71.74484	1.330502	0.215854	1.975704
9834	-2367.952	-2438.007	70.0552	1.245842	0.3292195	2.91624
9840	-2355.608	-2426.99	71.38212	1.199338	0.1640335	2.399825
9846	-2359.634	-2430.495	70.86087	1.040198	0.2952434	2.596817
9852	-2346.099	-2417.005	70.90616	1.289117	0.2159087	2.541594
9858	-2356.977	-2427.993	71.01647	1.246633	0.1996014	2.529037
9864	-2356.606	-2426.831	70.22476	1.182471	0.1899688	3.068219
9870	-2366.835	-2439.078	72.24354	1.653146	0.2409868	1.333905
9876	-2372.415	-2444.818	72.40353	1.59529	0.2034842	1.336514
9882	-2364.316	-2434.007	69.6911	0.9366742	0.3166335	3.333758
9888	-2360.578	-2430.4	69.82225	0.9192022	0.2938551	3.297735
9894	-2353.737	-2424.847	71.1097	1.381669	0.2152891	2.35666
9900	-2360.291	-2430.66	70.36883	1.147442	0.2152891	2.957807
9906	-2368.495	-2438.984	70.48897	1.166308	0.228377	2.851628
9912	-2362.621	-2433.452	70.83096	1.333804	0.2117123	2.568056
9918	-2366.293	-2437.382	71.08895	1.279551	0.2491706	2.375775
9924	-2356.067	-2426.284	70.2165	1.202782	0.1916321	3.057961
9930	-2353.718	-2423.686	69.96809	1.202145	0.2632772	3.087823
9936	-2349.038	-2419.002	69.96433	1.298598	0.2583436	3.039941
9942	-2348.284	-2418.57	70.28631	1.199573	0.2971561	2.848396
9948	-2359.042	-2429.488	70.44609	1.06827	0.2851661	2.848396
9954	-2352.938	-2423.694	70.75609	1.224165	0.2410666	2.631788
9960	-2348.864	-2419.846	70.98265	1.386306	0.1649815	2.531128
9966	-2354.095	-2424.156	70.06126	1.52136	0.1560209	3.029275
9972	-2367.999	-2439.635	71.63535	1.538991	0.275143	1.80155
9978	-2369.774	-2440.847	71.07397	1.44025	0.2090497	2.353588
9984	-2358.568	-2429.781	71.21274	1.605651	0.1411331	2.299881
9990	-2355.727	-2427.156	71.42822	1.494567	0.1929033	2.121439
9996	-2358.007	-2429.06	71.05292	1.494567	0.1573613	2.435454
10002	-2365.069	-2436.289	71.21928	1.406967	0.1351928	2.435454
10008	-2366.454	-2438.279	71.82499	1.642306	0.2214099	1.695324
10014	-2361.237	-2431.746	70.50895	1.489209	0.1215138	2.854888
10020	-2356.435	-2427.407	70.97177	1.393518	0.232548	2.405919
10026	-2354.901	-2426.388	71.48677	1.316262	0.1673241	2.251719
10032	-2365.213	-2435.626	70.41311	1.294157	0.2142655	2.844192
10038	-2357.975	-2429.261	71.28671	1.411285	0.2142655	2.226381
10044	-2355.975	-2427.513	71.53751	1.76421	0.1438153	1.978005
10050	-2354.493	-2426.209	71.71608	1.447185	0.2382238	1.874413
10056	-2357.684	-2428.992	71.30798	1.300409	0.283443	2.166678
10062	-2354.679	-2425.702	71.02327	1.34909	0.1652518	2.52845
10068	-2356.905	-2428.335	71.43066	1.414966	0.2323408	2.097417
10074	-2352	-2423.869	71.86898	1.66752	0.2060943	1.677425
10080	-2357.086	-2428.773	71.68658	1.852976	0.1953159	1.698097
10086	-2352.589	-2424.687	72.09796	1.649296	0.1924127	1.554477
10092	-2347.296	-2418.804	71.50845	1.640299	0.2254404	1.908067
10098	-2352.237	-2424.324	72.08669	1.689432	0.2361092	1.438489
10104	-2358.207	-2429.865	71.65784	1.37569	0.201865	2.030722
10110	-2357.199	-2428.864	71.66501	1.501519	0.1595689	2.031491
10116	-2365.039	-2437.263	72.22436	1.774083	0.1681229	1.423355
10122	-2355.107	-2427.191	72.08465	1.730552	0.1772702	1.539266
10128	-2363.729	-2435.458	71.7296	1.693347	0.170887	1.83305
10134	-2365.145	-2437.223	72.07711	1.719962	0.2250702	1.445661
10140	-2362.318	-2434.302	71.98401	1.81679	0.1869724	1.527251
10146	-2370.178	-2442.37	72.19229	2.009999	0.1128278	1.42129
10152	-2358.358	-2429.841	71.48297	1.599129	0.2793807	1.857874
10158	-2360.604	-2430.4	69.79627	1.381002	0.148259	3.28615
10164	-2367.48	-2438.087	70.60716	1.436559	0.2641808	2.55529
10170	-2357.309	-2427.41	70.10188	1.222054	0.235842	3.038895
10176	-2361.715	-2432.271	70.55587	1.5382	0.35683	2.390931
10182	-2351.985	-2422.31	70.32543	1.405768	0.2245739	2.811941
10188	-2357.338	-2428.723	71.38525	1.398484	0.2496441	2.107669
10194	-2381.712	-2452.514	70.80178	1.272193	0.2558349	2.549715
10200	-2367.244	-2437.997	70.75252	1.157277	0.3711682	2.488309
10206	-2358.081	-2428.557	70.47554	1.364089	0.2630629	2.683162
10212	-2358.433	-2429.209	70.77577	1.359094	0.1615066	2.683162
10218	-2366.002	-2436.115	70.11386	1.219616	0.40069	2.807698
10224	-2366.589	-2437.799	71.20967	1.412715	0.1811996	2.338535
10230	-2368.859	-2438.893	70.03345	1.335471	0.1842177	3.101732
10236	-2376.822	-2446.526	69.70377	1.428285	0.1637263	3.281492
10242	-2373.353	-2444.224	70.87091	1.32442	0.2480822	2.486582
10248	-2362.135	-2432.708	70.57286	1.303884	0.218137	2.734211
10254	-2352.561	-2424.012	71.45172	1.693487	0.1289075	2.117864
10260	-2361.411	-2431.783	70.37231	1.363593	0.1875488	2.875117
10266	-2367.361	-2438.291	70.93034	1.425428	0.1594574	2.550898
10272	-2356.617	-2427.598	70.9808	1.327421	0.1932276	2.5129
10278	-2367.146	-2437.437	70.2905	1.348225	0.1631999	2.981023
10284	-2360.792	-2431.381	70.58915	1.405603	0.2544437	2.601093
10290	-2360.917	-2432.554	71.63657	1.413495	0.1966799	2.030054
10296	-2362.191	-2433.927	71.73507	1.296094	0.2030052	2.030054
10302	-2358.886	-2429.506	70.6197	1.406995	0.2093714	2.657627
10308	-2357.342	-2427.217	69.87418	1.342044	0.3131599	2.988848
10314	-2357.296	-2427.339	70.04334	1.226126	0.2240295	3.090856
10320	-2355.333	-2424.715	69.38199	1.040208	0.3464385	3.416209
10326	-2361.534	-2431.584	70.04929	1.129428	0.3608974	2.949343
10332	-2371.223	-2442.596	71.37273	1.501129	0.1805904	2.178261
10338	-2364.968	-2435.453	70.48523	1.153721	0.1906055	2.927984
10344	-2370.407	-2440.412	70.00573	1.215713	0.2025126	3.156314
10350	-2357.861	-2428.717	70.85661	1.226389	0.2962211	2.482112
10356	-2367.12	-2437.862	70.74246	1.197828	0.2468901	2.646912
10362	-2364.674	-2434.572	69.89759	1.241102	0.268159	3.09931
10368	-2362.571	-2432.343	69.7715	1.183183	0.2138249	3.294623
10374	-2360.066	-2431.843	71.77729	1.44773	0.1462405	2.023368
10380	-2353.386	-2424.356	70.97014	1.658202	0.2102897	2.278516
10386	-2359.543	-2429.613	70.06969	1.262142	0.3232009	2.905669
10392	-2359.882	-2430.471	70.58911	1.222141	0.2286291	2.756297
10398	-2352.509	-2423.918	71.40977	1.364215	0.1962998	2.211464
10404	-2356.052	-2427.14	71.08801	1.220289	0.1988364	2.502265
10410	-2356.639	-2427.763	71.12403	1.302995	0.3356076	2.206943
10416	-2353.995	-2423.994	69.99845	1.100394	0.2407797	3.165146
10422	-2364.722	-2434.192	69.47009	1.012076	0.1799899	3.63048
10428	-2363.106	-2432.61	69.50329	1.052733	0.2401957	3.485552
10434	-2367.922	-2437.746	69.82393	1.221319	0.1643521	3.331395
10440	-2363.484	-2432.419	68.93437	1.051631	0.1893494	3.899686
10446	-2366.144	-2435.97	69.82563	1.296013	0.2911292	3.076074
10452	-2360.931	-2432.469	71.53826	1.415237	0.2280936	2.03396
10458	-2364.522	-2435.658	71.13654	1.456725	0.2056575	2.309591
10464	-2361.107	-2432.492	71.38535	1.363416	0.1565961	2.309591
10470	-2355.422	-2425.832	70.40967	1.274231	0.2493453	2.799998
10476	-2353.849	-2424.743	70.89414	1.294641	0.1876556	2.597798
10482	-2363.683	-2434.386	70.70278	1.307705	0.1907621	2.701775
10488	-2366.01	-2436.998	70.98786	1.33432	0.1926526	2.505283
10494	-2363.804	-2435.018	71.21365	1.232698	0.2395613	2.342545
10500	-2359.435	-2429.992	70.55775	1.241822	0.2402685	2.744094
10506	-2353.209	-2423.832	70.62381	1.310579	0.1919577	2.746135
10512	-2357.085	-2428.303	71.21796	1.306696	0.2393185	2.293036
10518	-2355.602	-2425.914	70.31227	1.485642	0.1290348	2.958392
10524	-2351.748	-2423.991	72.24294	1.749349	0.1824412	1.392356
10530	-2357.65	-2429.1	71.45025	1.767531	0.1638247	1.987837
10536	-2355.69	-2427.402	71.71255	1.629464	0.2781278	1.678758
10542	-2358.363	-2429.102	70.73946	1.520829	0.3363352	2.312986
10548	-2357.394	-2428.077	70.6837	1.266397	0.2369053	2.657281
10554	-2365.187	-2435.305	70.11761	1.374492	0.3238986	2.807592
10560	-2360.673	-2430.605	69.9319	1.139724	0.2077233	3.236019
10566	-2354.812	-2425.637	70.82443	1.03948	0.3070896	2.60277
10572	-2355.073	-2426.156	71.08271	1.087721	0.2090521	2.569327
10578	-2353.481	-2424.528	71.04738	1.315817	0.1970959	2.471181
10584	-2358.416	-2428.037	69.62166	0.9843598	0.1914903	3.537672
10590	-2368.626	-2439.037	70.41056	1.222922	0.3231603	2.722295
10596	-2359.965	-2430.535	70.57046	1.080461	0.2720142	2.784913
10602	-2360.332	-2431.394	71.0621	1.375025	0.174157	2.469712
10608	-2353.768	-2424.935	71.1667	1.146526	0.3107805	2.315399
10614	-2365.742	-2436.196	70.45481	1.140237	0.3052403	2.770568
10620	-2362.643	-2433.021	70.37889	1.173031	0.2587515	2.86535
10626	-2362.139	-2432.605	70.46603	1.087328	0.2581912	2.86535
10632	-2362.941	-2432.199	69.25817	1.192086	0.1910272	3.629007
10638	-2355.662	-2424.861	69.19827	1.120705	0.2282574	3.642313
10644	-2358.482	-2429.356	70.87334	1.649744	0.1034301	2.577889
10650	-2361.98	-2431.602	69.62188	1.297645	0.1856223	3.364963
10656	-2358.921	-2429.822	70.90057	1.219372	0.356784	2.374621
10662	-2353.098	-2424.2	71.10204	1.473238	0.2969691	2.167275
10668	-2358.678	-2429	70.32256	1.312086	0.1820805	2.946567
10674	-2362.793	-2435.144	72.35159	1.591867	0.2056611	1.375288
10680	-2361.471	-2433.305	71.83422	1.461712	0.3412855	1.608094
10686	-2365.387	-2437.435	72.04816	1.56438	0.2131149	1.608094
10692	-2354.552	-2426.254	71.70119	1.371183	0.2538881	1.908089
10698	-2353.962	-2425.055	71.09317	1.314671	0.1752767	2.485788
10704	-2361.718	-2433.479	71.76132	1.689392	0.195315	1.760586
10710	-2359.254	-2429.158	69.90392	1.387025	0.2775645	2.994307
10716	-2357.349	-2427.054	69.70426	1.254769	0.2177708	3.285416
10722	-2360.439	-2429.064	68.6252	1.188689	0.1888102	3.999167
10728	-2360.827	-2430.024	69.19753	1.27679	0.1581162	3.676687
10734	-2357.79	-2429.695	71.90447	1.598597	0.1885915	1.738341
10740	-2361.805	-2432.683	70.87751	1.346016	0.2087793	2.536808
10746	-2362.95	-2434.556	71.60585	1.507796	0.2177194	1.946434
10752	-2359.833	-2431.558	71.7253	1.487024	0.299233	1.734817
10758	-2354.822	-2425.656	70.83377	1.328045	0.2718654	2.46956
10764	-2364.105	-2434.049	69.94403	1.102403	0.1678569	3.323855
10770	-2362.584	-2431.513	68.92896	1.072587	0.247785	3.795292
10776	-2362.902	-2431.389	68.48728	1.184238	0.2183246	4.030596
10782	-2352.479	-2421.653	69.17391	1.194147	0.1699951	3.71518
10788	-2361.099	-2429.699	68.59957	1.108612	0.2312892	3.988996
10794	-2361.359	-2431.604	70.24478	1.249906	0.1830873	3.02871
10800	-2351.473	-2422.348	70.87563	1.349957	0.2900011	2.40171
10806	-2355.487	-2427.026	71.53851	1.461858	0.1941754	2.067945
10812	-2357.886	-2429.461	71.57556	1.227152	0.3162848	1.988258
10818	-2360.647	-2432.15	71.50274	1.566593	0.1651122	2.083392
10824	-2353.833	-2426.052	72.21886	1.585394	0.2088711	1.475287
10830	-2358.136	-2430.058	71.92218	1.655466	0.2973201	1.472388
10836	-2360.646	-2432.456	71.81043	1.494617	0.2441028	1.765835
10842	-2366.9	-2436.917	70.01641	1.229724	0.3013961	2.987099
10848	-2374.072	-2443.645	69.57263	1.163469	0.3749038	3.196631
10854	-2358.131	-2429.967	71.83641	1.472904	0.1834647	1.883231
10860	-2354.706	-2426.651	71.94501	1.678289	0.288805	1.453006
10866	-2360.293	-2431.86	71.56696	1.349363	0.288805	1.954828
10872	-2355.514	-2426.785	71.27111	1.534618	0.3048462	2.003639
10878	-2351.42	-2422.622	71.20139	1.454756	0.1461401	2.391577
10884	-2348.259	-2418.513	70.25467	1.284347	0.2326523	2.914852
10890	-2359.939	-2432.164	72.22482	1.995816	0.1571493	1.27606
10896	-2364.71	-2437.009	72.299	1.769659	0.2224362	1.234664
10902	-2354.553	-2425.992	71.43867	1.335908	0.2231069	2.160547
10908	-2361.351	-2432.381	71.02978	1.474924	0.2231069	2.334121
10914	-2368.204	-2440.593	72.3881	1.879063	0.2025647	1.111549
10920	-2352.201	-2423.1	70.89863	1.453309	0.2358102	2.408743
10926	-2360.039	-2430.124	70.08528	1.396138	0.3155458	2.825444
10932	-2361.156	-2431.92	70.76367	1.379461	0.1660166	2.668802
10938	-2355.396	-2426.604	71.20882	1.556482	0.2443939	2.128785
10944	-2356.03	-2426.662	70.63162	1.14347	0.2825919	2.693106
10950	-2359.906	-2430.014	70.10813	1.084128	0.2508318	3.093758
10956	-2358.743	-2428.768	70.0257	1.166557	0.2508318	3.093758
10962	-2351.785	-2422.412	70.62695	1.112325	0.1819394	2.883692
10968	-2356.557	-2427.662	71.10506	1.406692	0.318834	2.175987
10974	-2358.444	-2430.037	71.5933	1.337199	0.1642503	2.175987
10980	-2364.447	-2436.504	72.05761	1.737249	0.2863849	1.323409
10986	-2368.238	-2440.511	72.27335	1.648746	0.1574814	1.5084
10992	-2363.576	-2435.221	71.64449	1.729839	0.2543151	1.698331
10998	-2362.416	-2434.313	71.89692	1.908935	0.2108597	1.469699
11004	-2355.073	-2426.292	71.21894	1.40163	0.1962491	2.310057
11010	-2351.332	-2422.694	71.36256	1.374967	0.3071303	2.045436
11016	-2351.185	-2422.469	71.28378	1.352155	0.1342892	2.43146
11022	-2360.53	-2430.555	70.02477	1.116614	0.3370164	3.002085
11028	-2355.431	-2424.945	69.51446	1.123908	0.2152439	3.477799
11034	-2355.535	-2427.397	71.86155	1.590619	0.191472	1.767739
11040	-2352.352	-2423.169	70.81699	1.26301	0.2214385	2.603408
11046	-2355.811	-2426.081	70.27033	1.376569	0.2031284	2.900394
11052	-2354.799	-2426.015	71.21541	1.388613	0.2092439	2.29602
11058	-2354.12	-2425.448	71.32801	1.455643	0.2710415	2.071869
11064	-2352.738	-2423.541	70.8024	1.260455	0.1989191	2.654366
11070	-2347.778	-2417.499	69.72044	1.340627	0.1996307	3.256401
11076	-2352.129	-2423.115	70.98595	1.409948	0.1996307	2.445881
11082	-2367.116	-2438.492	71.37621	1.283606	0.1650817	2.347978
11088	-2364.565	-2435.478	70.91341	1.305771	0.2566556	2.45767
11094	-2370.3	-2441.1	70.8005	1.458213	0.3086409	2.353193
11100	-2360.723	-2432.376	71.65287	1.573348	0.1364424	2.046051
11106	-2353.846	-2425.453	71.6072	1.499141	0.2694599	1.858029
11112	-2364.181	-2436.429	72.24739	1.634188	0.2706928	1.284171
11118	-2376.695	-2448.57	71.87434	1.872212	0.3219577	1.296002
11124	-2357.174	-2428.787	71.6122	1.506437	0.2141504	1.949929
11130	-2355.635	-2427.249	71.61424	1.468629	0.2268279	1.949929
11136	-2352.281	-2423.692	71.41155	1.448777	0.2740366	2.016207
11142	-2349.654	-2420.246	70.59176	1.206279	0.2167023	2.784764
11148	-2355.413	-2426.134	70.72042	1.388024	0.1443732	2.735816
11154	-2357.375	-2427.817	70.44177	1.267798	0.3216268	2.677701
11160	-2356.9	-2428.216	71.3159	1.432581	0.2452746	2.138243
11166	-2350.566	-2422.297	71.73053	1.375729	0.2183999	1.950102
11172	-2352.617	-2424.49	71.87253	1.308807	0.1958471	1.944026
11178	-2350.011	-2419.733	69.72242	0.9482996	0.2735445	3.368197
11184	-2359.534	-2430.083	70.54916	1.388127	0.2318183	2.67368
11190	-2362.768	-2432.546	69.77765	1.334762	0.202385	3.221189
11196	-2352.713	-2423.002	70.28965	1.347954	0.2598541	2.811636
11202	-2349.218	-2419.554	70.33529	1.395019	0.1852417	2.882847
11208	-2353.787	-2423.885	70.09714	1.444157	0.1338255	3.101304
11214	-2364.484	-2435.169	70.68471	1.420549	0.1632446	2.697759
11220	-2356.808	-2428.106	71.29829	1.538058	0.2060074	2.152262
11226	-2364.733	-2435.309	70.57565	1.486182	0.1763447	2.698046
11232	-2367.992	-2439.053	71.06062	1.618537	0.1997801	2.265782
11238	-2364.536	-2436.534	71.99705	1.797228	0.1678257	1.57727
11244	-2363.069	-2433.683	70.61394	1.364605	0.2418282	2.631591
11250	-2373.733	-2443.956	70.22263	1.253809	0.3611053	2.768654
11256	-2361.234	-2431.866	70.63228	1.193941	0.257759	2.699694
11262	-2364.635	-2435.935	71.30049	1.553621	0.1642758	2.225353
11268	-2367.172	-2437.933	70.76164	1.343675	0.1642758	2.695604
11274	-2355.156	-2426.008	70.85189	1.202278	0.2778983	2.52756
11280	-2358.613	-2430.046	71.43255	1.569107	0.2010765	2.053381
11286	-2353.844	-2425.102	71.25834	1.385653	0.2980132	2.120877
11292	-2356.686	-2427.917	71.2313	1.522407	0.2980132	2.048709
11298	-2358.364	-2429.657	71.29292	1.527569	0.2703354	2.048709
11304	-2357.332	-2429.137	71.8052	1.55879	0.191847	1.828025
11310	-2356.862	-2427.905	71.04294	1.292089	0.1581554	2.566538
11316	-2351.945	-2423.629	71.68407	1.385488	0.2030289	2.004483
11322	-2357.131	-2428.379	71.24861	1.226029	0.2030289	2.389864
11328	-2355.393	-2426.424	71.03107	1.499397	0.1846872	2.389864
11334	-2361.588	-2431.493	69.9052	1.34583	0.1920553	3.157448
11340	-2357.434	-2427.111	69.6774	1.210021	0.2282266	3.310347
11346	-2360.791	-2431.813	71.02237	1.438411	0.1720536	2.459151
11352	-2354.783	-2425.737	70.95359	1.386343	0.1720536	2.534706
11358	-2351.96	-2422.973	71.01292	1.467201	0.1740614	2.442911
11364	-2363.976	-2435.744	71.76825	1.651398	0.2999492	1.58524
11370	-2353.371	-2424.131	70.75989	1.536397	0.3047303	2.335023
11376	-2353.393	-2425.202	71.80863	1.786836	0.1683431	1.718781
11382	-2360.98	-2433.178	72.19722	1.710774	0.1494195	1.539668
11388	-2352.856	-2423.943	71.0871	1.410919	0.2254191	2.334263
11394	-2359.364	-2431.342	71.97841	1.539099	0.290972	1.52872
11400	-2359.209	-2430.907	71.69778	1.599573	0.2565531	1.74848
11406	-2355.318	-2427.055	71.7371	1.739863	0.1531688	1.836903
11412	-2353.294	-2424.914	71.62067	1.520836	0.2592342	1.851629
11418	-2354.314	-2424.777	70.46307	1.474549	0.3981539	2.437347
11424	-2355.513	-2426.093	70.58009	1.447473	0.2350754	2.612536
11430	-2360.414	-2431.696	71.28155	1.549754	0.1699616	2.227932
11436	-2357.691	-2429.816	72.12428	1.558509	0.1747098	1.641841
11442	-2357.255	-2428.219	70.96403	1.38174	0.2011961	2.474402
11448	-2364.124	-2435.414	71.28942	1.329357	0.2408767	2.229941
11454	-2362.795	-2433.592	70.79714	1.319728	0.3090994	2.442141
11460	-2360.575	-2431.655	71.08009	1.478078	0.2116209	2.320889
11466	-2354.44	-2426.063	71.62277	1.421013	0.1826079	2.062906
11472	-2363.58	-2434.827	71.24694	1.318639	0.250875	2.247188
11478	-2362.33	-2432.474	70.14402	1.204014	0.3437324	2.86886
11484	-2354.905	-2425.357	70.45233	1.277871	0.1995446	2.856443
11490	-2357.619	-2429.43	71.81107	1.372317	0.2839101	1.780454
11496	-2363.853	-2435.079	71.22601	1.282194	0.3499625	2.134278
11502	-2369.737	-2440.364	70.6269	1.589347	0.415602	2.238958
11508	-2369.135	-2438.359	69.22349	1.251184	0.3998338	3.322028
11514	-2366.938	-2436.979	70.04131	1.330236	0.2098246	3.054065
11520	-2370.986	-2440.532	69.54503	1.406083	0.5038359	2.92828
11526	-2362.567	-2433.669	71.1018	1.30163	0.2820511	2.300895
11532	-2355.649	-2426.967	71.31809	1.274264	0.2550702	2.222935
11538	-2361.981	-2433.377	71.39578	1.37507	0.1914918	2.222935
11544	-2356.62	-2427.952	71.33134	1.320442	0.1912445	2.299857
11550	-2350.896	-2421.795	70.89873	1.353637	0.2227178	2.493949
11556	-2352.666	-2423.867	71.20088	1.437589	0.2227178	2.249265
11562	-2357.375	-2429.164	71.78944	1.575999	0.1978712	1.814427
11568	-2350.792	-2422.447	71.65478	1.515264	0.2547225	1.840009
11574	-2350.555	-2422.525	71.9691	1.534969	0.3074586	1.510052
11580	-2361.904	-2431.579	69.67471	1.101367	0.3001761	3.268567
11586	-2356.616	-2426.822	70.20589	1.200974	0.2162492	3.02185
11592	-2356.744	-2425.926	69.18194	1.077925	0.216711	3.695288
11598	-2365.434	-2433.717	68.28341	1.128639	0.216711	4.180933
11604	-2362.741	-2432.799	70.05817	1.15582	0.2373893	3.102064
11610	-2363.726	-2433.706	69.98072	1.419416	0.2106527	3.035519
11616	-2359.656	-2429.985	70.32856	1.232841	0.1960404	2.964712
11622	-2355.775	-2425.908	70.13356	1.282187	0.1981799	3.048201
11628	-2359.302	-2427.643	68.34121	0.8681403	0.2551967	4.236757
11634	-2357.407	-2425.369	67.96267	1.009918	0.1548138	4.538505
11640	-2359.775	-2430.673	70.89885	1.333948	0.1607468	2.624404
11646	-2370.093	-2441.28	71.18637	1.334067	0.2518056	2.27461
11652	-2356.418	-2426.31	69.89141	1.101723	0.23581	3.235718
11658	-2364.281	-2432.905	68.62342	1.181834	0.3103987	3.820175
11664	-2355.738	-2425.998	70.26002	1.094914	0.3103987	2.909109
11670	-2359.2	-2429.825	70.62472	1.169374	0.2414521	2.745504
11676	-2360.325	-2430.617	70.29131	1.101391	0.1810447	3.093512
11682	-2359.841	-2430.398	70.55672	1.148754	0.2909993	2.723437
11688	-2365.686	-2433.982	68.29605	1.054023	0.2684234	4.137776
11694	-2360.4	-2430.841	70.44164	1.323593	0.3167454	2.650161
11700	-2357.11	-2426.154	69.04315	1.22928	0.1726162	3.765436
11706	-2356.935	-2425.635	68.70007	1.274403	0.3095575	3.723744
11712	-2358.426	-2429.466	71.0404	1.357596	0.2196856	2.407835
11718	-2365.166	-2435.205	70.03883	1.127281	0.3022046	3.03395
11724	-2358.699	-2429.96	71.26178	1.489888	0.2939438	2.05638
11730	-2357.633	-2428.256	70.62319	1.253076	0.173455	2.817072
11736	-2363.45	-2434.284	70.83338	1.283658	0.2879429	2.47308
11742	-2380.218	-2452.576	72.35828	1.837252	0.1504292	1.315432
11748	-2370.689	-2443.082	72.39336	1.823472	0.1796166	1.217421
11754	-2361.844	-2431.944	70.10002	1.351162	0.2114708	3.003516
11760	-2355.24	-2426.574	71.3339	1.44871	0.1760382	2.246588
11766	-2359.093	-2430.605	71.51218	1.446419	0.2028313	2.078347
11772	-2361.105	-2432.717	71.61214	1.43647	0.1520786	2.126066
11778	-2364.346	-2434.923	70.57694	1.19357	0.2313021	2.776671
11784	-2375.205	-2446.095	70.89055	1.272703	0.3105336	2.410866
11790	-2367.67	-2438.162	70.49183	1.235155	0.2753065	2.733494
11796	-2368.996	-2439.798	70.80219	1.364161	0.1590044	2.669007
11802	-2362.143	-2432.38	70.23653	1.359266	0.1858487	2.962844
11808	-2354.424	-2425.396	70.97248	1.319257	0.1839692	2.541018
11814	-2357.941	-2428.924	70.98326	1.438436	0.3796483	2.150994
11820	-2355.741	-2426.618	70.87718	1.218356	0.2926243	2.479572
11826	-2354.908	-2424.646	69.73805	1.231828	0.2392127	3.244038
11832	-2355.96	-2425.638	69.67818	1.21041	0.1835267	3.386969
11838	-2354.131	-2424.511	70.37994	1.160104	0.2521823	2.882792
11844	-2365.782	-2437.287	71.50529	1.430645	0.2016002	2.09565
11850	-2357.892	-2427.632	69.73908	1.107642	0.2782622	3.257726
11856	-2354.289	-2422.918	68.62897	1.0376	0.1999409	4.063953
11862	-2355.541	-2426.223	70.68217	1.316974	0.2273055	2.643235
11868	-2358.318	-2429.27	70.95186	1.620971	0.1281411	2.485548
11874	-2373.037	-2444.513	71.47615	1.130242	0.1567132	2.399717
11880	-2357.187	-2428.388	71.20131	1.595696	0.1445187	2.305765
11886	-2358.895	-2430.302	71.4075	1.565868	0.149696	2.180488
11892	-2359.076	-2429.873	70.79665	1.568856	0.1796239	2.503567
11898	-2357.275	-2427.681	70.40657	1.278856	0.2224749	2.843315
11904	-2360.696	-2432.185	71.48834	1.499568	0.1421471	2.188467
11910	-2354.991	-2426.373	71.38116	1.471034	0.169076	2.216334
11916	-2366.596	-2437.802	71.20659	1.367029	0.1852627	2.361397
11922	-2351.126	-2421.463	70.33728	1.362953	0.1537757	2.963334
11928	-2353.48	-2422.581	69.10169	1.406313	0.1363483	3.701785
11934	-2355.882	-2426.749	70.86765	1.412017	0.2080419	2.503131
11940	-2353.011	-2423.816	70.80432	1.441759	0.1928869	2.552262
11946	-2359.508	-2429.599	70.09135	1.427727	0.1214216	3.142625
11952	-2374.666	-2442.759	68.0938	0.8830154	0.2621699	4.358238
11958	-2371.97	-2440.678	68.70738	1.169419	0.3813736	3.691817
11964	-2363.946	-2435.383	71.43712	1.507007	0.2057651	2.082172
11970	-2359.695	-2429.086	69.39111	1.234365	0.2892066	3.372437
11976	-2360.228	-2431.158	70.93058	1.037238	0.2892066	2.564292
11982	-2361.346	-2432.799	71.45331	1.480472	0.222346	2.0576
11988	-2362.212	-2434.1	71.88764	1.57764	0.1795078	1.784599
11994	-2365.523	-2436.353	70.83083	1.340845	0.2369072	2.519961
12000	-2364.72	-2435.276	70.55647	1.413645	0.2319034	2.653328
12006	-2374.765	-2442.994	68.22944	1.085882	0.2054316	4.254327
12012	-2365.146	-2435.582	70.43603	1.309073	0.1674558	2.908424
12018	-2367.469	-2437.698	70.22858	1.278798	0.1859386	3.015759
12024	-2370.929	-2441.322	70.39303	1.159527	0.1717604	3.015759
12030	-2367.043	-2437.372	70.32892	1.181134	0.185082	3.015759
12036	-2362.844	-2432.671	69.82699	1.202537	0.2684701	3.163796
12042	-2359.989	-2431.112	71.12305	1.460078	0.1444081	2.441504
12048	-2359.558	-2430.989	71.43073	1.417712	0.1758249	2.204577
12054	-2349.595	-2420.659	71.06398	1.472967	0.2329831	2.296146
12060	-2354.615	-2426.562	71.94765	1.450501	0.1835935	1.822114
12066	-2356.1	-2426.658	70.55789	1.38184	0.2248887	2.683944
12072	-2363.95	-2434.328	70.37835	1.156716	0.1602432	3.049125
12078	-2363.018	-2434.226	71.20867	1.479298	0.2220408	2.218603
12084	-2356.761	-2428.811	72.05021	1.761457	0.1794188	1.536804
12090	-2356.613	-2428.298	71.68482	1.496037	0.1867437	1.963111
12096	-2375.642	-2446.182	70.53912	1.525765	0.2233283	2.609476
12102	-2360.412	-2432.696	72.2841	1.756172	0.2873457	1.112955
12108	-2360.217	-2432.55	72.33335	1.756172	0.2427566	1.169259
12114	-2353.332	-2424.232	70.90074	1.390569	0.2053203	2.500845
12120	-2349.72	-2421.385	71.66528	1.39422	0.1977769	2.021598
12126	-2357.438	-2428.217	70.7789	1.270186	0.248918	2.576337
12132	-2365.752	-2437.947	72.19543	1.819309	0.1910247	1.353716
12138	-2363.463	-2435.379	71.91605	1.716932	0.1459909	1.746157
12144	-2352.286	-2423.576	71.29021	1.55605	0.2669137	2.037308
12150	-2350.938	-2421.249	70.3113	1.072741	0.2713807	2.947509
12156	-2354.275	-2425.276	71.00082	1.346088	0.2349516	2.413382
12162	-2361.361	-2432.037	70.67599	1.303185	0.2205648	2.667141
12168	-2365.844	-2436.198	70.35379	1.230866	0.2262761	2.897902
12174	-2352.712	-2422.78	70.06837	1.263338	0.2483803	3.014217
12180	-2361.191	-2430.891	69.70021	1.314654	0.229161	3.233613
12186	-2365.494	-2435.593	70.09854	1.358773	0.1906157	3.037079
12192	-2367.139	-2438.378	71.23919	1.367453	0.1488778	2.416718
12198	-2356.787	-2428.494	71.70745	1.392794	0.2134817	1.963573
12204	-2363.973	-2434.525	70.5516	1.677501	0.2503236	2.461745
12210	-2355.568	-2427.123	71.55501	1.569504	0.1093817	2.181362
12216	-2347.494	-2419.21	71.71681	1.52116	0.1824597	1.933706
12222	-2355.673	-2427.168	71.49484	1.52116	0.2133823	2.02001
12228	-2362.615	-2433.662	71.04714	1.28517	0.2582697	2.38377
12234	-2356.897	-2427.923	71.026	1.145949	0.29819	2.423352
12240	-2355.77	-2426.007	70.23678	1.314329	0.2002418	2.963312
12246	-2364.272	-2434.166	69.89363	1.323722	0.1625593	3.233421
12252	-2357.808	-2428.663	70.8556	1.259484	0.2547902	2.525795
12258	-2358.843	-2430.265	71.42141	1.282047	0.246755	2.165025
12264	-2364.755	-2435.502	70.74691	1.108284	0.2481075	2.697285
12270	-2368.401	-2438.761	70.36049	1.194383	0.202282	2.957391
12276	-2369.384	-2438.784	69.39972	1.169756	0.1904122	3.560864
12282	-2366.181	-2435.984	69.80255	1.035557	0.2548846	3.297456
12288	-2365.243	-2434.814	69.57118	1.214079	0.1317005	3.550988
12294	-2360.714	-2432.255	71.54171	1.456431	0.1591061	2.143249
12300	-2356.326	-2427.907	71.58136	1.430682	0.2497978	1.955963
