Iteration	Posterior	Likelihood	Prior	rate_log_sd	rate_neo	tree_length
0	-2361.393	-2432.231	70.8383	1.326485	0.2283148	2.538879
6	-2365.669	-2437.352	71.68312	1.490633	0.2283148	1.885678
12	-2356.828	-2428.632	71.80374	1.802115	0.1455608	1.766193
18	-2357.966	-2429.221	71.25502	1.831555	0.1229744	2.1709
24	-2353.734	-2425.414	71.67964	1.856685	0.1423781	1.822287
30	-2364.783	-2435.602	70.81866	1.192769	0.2445209	2.606846
36	-2362.894	-2432.725	69.83169	1.307609	0.14725	3.310624
42	-2357.158	-2427.072	69.91434	1.111158	0.2177706	3.246173
48	-2360.639	-2430.858	70.2193	1.186842	0.1730316	3.100801
54	-2366.216	-2437.201	70.98544	1.558595	0.2199968	2.314639
60	-2361.093	-2431.78	70.68715	1.282914	0.22496	2.665168
66	-2358.898	-2429.543	70.64461	1.325455	0.22496	2.665168
72	-2357.76	-2429.298	71.53753	1.487499	0.2273351	1.987754
78	-2361.461	-2432.926	71.46535	1.296479	0.1506859	2.314307
84	-2357.51	-2427.769	70.25874	1.135778	0.1753169	3.103331
90	-2354.071	-2424.56	70.48882	1.241132	0.1699252	2.912666
96	-2358.094	-2429.427	71.3325	1.484009	0.1376766	2.309122
102	-2357.822	-2429.551	71.72878	1.495936	0.1418461	2.034011
108	-2353.283	-2424.654	71.37107	1.446371	0.1920463	2.191721
114	-2355.385	-2426.957	71.57184	1.530599	0.2891614	1.827734
120	-2352.897	-2424.821	71.92433	1.714054	0.235732	1.542902
126	-2355.414	-2427.297	71.88368	1.63181	0.235732	1.63261
132	-2351.516	-2422.866	71.35073	1.561312	0.1833537	2.147759
138	-2360.707	-2432.116	71.40977	1.66689	0.3276905	1.784545
144	-2357.161	-2429.626	72.46485	1.74866	0.2262062	1.098588
150	-2367.427	-2439.837	72.41053	1.873847	0.2658916	0.9244353
156	-2371.579	-2443.78	72.20116	1.631693	0.3083376	1.250256
162	-2365.257	-2436.936	71.67956	1.620961	0.1661871	1.926993
168	-2371.015	-2441.912	70.89712	1.250367	0.2833744	2.460873
174	-2365.268	-2434.814	69.54608	1.256232	0.244956	3.333819
180	-2360.789	-2430.742	69.95283	1.082935	0.2544587	3.18124
186	-2360.672	-2431.596	70.92394	1.272854	0.2682091	2.453329
192	-2365.101	-2435.873	70.77204	1.23548	0.2197797	2.651053
198	-2372.717	-2442.799	70.08181	1.260695	0.2197797	3.05437
204	-2375.922	-2446.246	70.32422	1.288304	0.2150105	2.900258
210	-2366.597	-2437.899	71.30225	1.494555	0.1454583	2.303756
216	-2366.438	-2437.376	70.93755	1.587151	0.1639676	2.435743
222	-2363.603	-2434.494	70.89136	1.380535	0.169634	2.581904
228	-2370.841	-2441.457	70.61594	1.367964	0.2709439	2.581904
234	-2370.714	-2442.193	71.47944	1.369288	0.1869753	2.18157
240	-2366.657	-2438.157	71.5	1.453003	0.1869753	2.113609
246	-2361.756	-2432.39	70.63357	1.454762	0.16247	2.709734
252	-2361.254	-2431.1	69.84548	1.478246	0.1402431	3.216551
258	-2360.787	-2430.916	70.12842	1.18589	0.1817184	3.138929
264	-2366.605	-2437.555	70.95051	1.32005	0.2945536	2.36643
270	-2363.312	-2434.879	71.56698	1.576935	0.2072671	1.94635
276	-2366.427	-2438.093	71.66586	1.424605	0.3380181	1.759255
282	-2360.921	-2433.003	72.08201	1.716691	0.2150843	1.465895
288	-2362.834	-2433.568	70.73385	1.489451	0.2024811	2.548478
294	-2374.946	-2444.743	69.79738	1.029143	0.2229962	3.354733
300	-2356.81	-2426.177	69.36682	1.064386	0.1696156	3.679386
306	-2365.097	-2433.266	68.1693	0.9227799	0.2157199	4.363727
312	-2358.164	-2427.404	69.2399	1.025864	0.2157199	3.69351
318	-2372.514	-2441.831	69.31701	1.177847	0.2157199	3.560647
324	-2373.264	-2442.502	69.23792	1.000327	0.1934308	3.74739
330	-2366.232	-2437.117	70.88472	1.263712	0.2123317	2.57708
336	-2365.62	-2436.776	71.15677	1.251844	0.2216054	2.39771
342	-2362.726	-2434.649	71.9237	1.588383	0.1680774	1.77779
348	-2364.972	-2436.23	71.25815	1.546541	0.2246851	2.138052
354	-2362.13	-2432.339	70.2087	1.32182	0.3330396	2.771953
360	-2368.969	-2439.945	70.9758	1.271725	0.2542205	2.443808
366	-2374.601	-2445.461	70.85986	1.283068	0.228583	2.552017
372	-2361.833	-2433.602	71.76924	1.620744	0.2241727	1.744369
378	-2358.425	-2430.638	72.2124	1.970797	0.1775079	1.251342
384	-2358.573	-2430.8	72.22674	1.771488	0.1913498	1.365987
390	-2363.36	-2433.831	70.47104	1.397709	0.2771637	2.643613
396	-2366.77	-2437.578	70.80851	1.248906	0.3509924	2.421772
402	-2369.452	-2439.168	69.71568	1.123249	0.3355732	3.184345
408	-2373.909	-2444.744	70.83507	1.374752	0.2174934	2.529722
414	-2358.732	-2428.405	69.67284	1.327385	0.2258285	3.247719
420	-2355.292	-2425.791	70.49888	1.236086	0.2083145	2.837838
426	-2357.528	-2427.496	69.96775	1.057519	0.330471	3.080084
432	-2362.021	-2430.903	68.88224	1.107507	0.2257734	3.836318
438	-2364.353	-2433.403	69.04948	1.005727	0.2272997	3.796214
444	-2361.974	-2432.047	70.07302	1.107311	0.2438799	3.111769
450	-2366.951	-2439.35	72.39867	1.8389	0.1649589	1.24014
456	-2360.623	-2432.82	72.19751	1.510832	0.2497089	1.462598
462	-2368.759	-2438.404	69.64588	1.310459	0.2325965	3.262625
468	-2369.821	-2439.666	69.84486	0.9960696	0.2325965	3.330646
474	-2367.361	-2438.784	71.42344	1.290503	0.2661332	2.12568
480	-2356.028	-2426.264	70.23674	1.059684	0.2639752	3.0113
486	-2358.951	-2428.54	69.58979	1.062501	0.3993759	3.217711
492	-2359.289	-2428.408	69.11856	1.112614	0.3798422	3.487721
498	-2363.157	-2432.52	69.3632	1.375653	0.3307875	3.249757
504	-2360.89	-2432.113	71.22351	1.259384	0.2152381	2.362131
510	-2359.249	-2429.249	69.99964	1.323194	0.2301876	3.048783
516	-2366.019	-2435.897	69.87775	1.358411	0.1937965	3.163124
522	-2369.532	-2440.847	71.3154	1.549835	0.2739327	2.013116
528	-2375.403	-2446.981	71.5784	1.454288	0.2838224	1.884237
534	-2367.658	-2439.53	71.87239	1.470875	0.2267897	1.771918
540	-2358.428	-2430.076	71.64803	1.470875	0.2313555	1.917213
546	-2356.608	-2428.249	71.64108	1.745219	0.1389496	1.933
552	-2361.227	-2432.683	71.45583	1.360711	0.1696259	2.238156
558	-2357.436	-2428.478	71.04157	1.409329	0.1905646	2.428566
564	-2350.471	-2420.869	70.39722	1.328465	0.2047603	2.849791
570	-2365.062	-2433.638	68.57577	1.025832	0.3594145	3.876049
576	-2358.067	-2428.548	70.4812	1.214772	0.1518196	2.969976
582	-2362.778	-2432.678	69.90025	1.271787	0.1587982	3.267706
588	-2356.965	-2427.413	70.44832	1.396325	0.2045722	2.777795
594	-2362.71	-2432.796	70.08633	1.192238	0.244463	3.052214
600	-2360.42	-2430.308	69.88832	1.455552	0.2417198	3.017492
606	-2359.159	-2430.19	71.03096	1.349254	0.3224446	2.255723
612	-2364.131	-2434.243	70.11143	1.092414	0.2187846	3.138734
618	-2356.599	-2426.776	70.17717	1.300747	0.1901898	3.025527
624	-2358.092	-2427.876	69.78429	1.170675	0.2607309	3.219584
630	-2354.125	-2425.017	70.89149	1.239807	0.2607309	2.506169
636	-2352.377	-2423.189	70.81264	1.464161	0.1185293	2.692048
642	-2360.955	-2432.276	71.32132	1.369145	0.1716209	2.314759
648	-2350.432	-2421.741	71.3083	1.395151	0.1676625	2.314759
654	-2356.552	-2427.574	71.02162	1.37695	0.1976597	2.447916
660	-2356.606	-2426.903	70.29786	1.307735	0.3142417	2.751581
666	-2358.821	-2428.763	69.94263	1.226146	0.2599095	3.093797
672	-2357.434	-2427.162	69.72806	1.204091	0.2599095	3.23432
678	-2363.907	-2434.01	70.10277	1.418681	0.2997152	2.823171
684	-2362.642	-2433.282	70.63964	1.202364	0.181022	2.823171
690	-2361.329	-2432.341	71.01135	1.422868	0.1704789	2.479026
696	-2362.146	-2433.907	71.76087	1.523078	0.3027576	1.678374
702	-2362.322	-2432.698	70.37614	1.352155	0.1617077	2.930136
708	-2360.667	-2432.146	71.47912	1.311008	0.2635577	2.079966
714	-2361.24	-2432.932	71.69213	1.589409	0.2973124	1.689109
720	-2365.077	-2436.986	71.90919	1.476731	0.2713489	1.659341
726	-2355.565	-2427.194	71.62894	1.430905	0.2564035	1.912177
732	-2348.719	-2419.989	71.27	1.444823	0.2838198	2.096558
738	-2347.973	-2419.929	71.95623	1.669654	0.1956253	1.635762
744	-2349.757	-2421.698	71.94163	1.651411	0.2066514	1.635762
750	-2359.709	-2431.551	71.8423	1.651411	0.230729	1.658051
756	-2356.429	-2428.115	71.68668	1.34197	0.230729	1.979077
762	-2361.497	-2432.809	71.31202	1.395365	0.1878874	2.270888
768	-2368.002	-2439.082	71.07945	1.25906	0.2111203	2.460687
774	-2358.883	-2430.658	71.77547	1.630506	0.1990633	1.783885
780	-2352.883	-2424.89	72.00708	1.639447	0.2191449	1.570746
786	-2364.844	-2436.686	71.84171	1.729028	0.1902227	1.687001
792	-2363.067	-2434.971	71.90363	1.768104	0.1589685	1.687001
798	-2360.704	-2430.672	69.96868	1.181801	0.3352179	2.998963
804	-2354.28	-2424.257	69.97663	1.244949	0.2151867	3.134278
810	-2358.514	-2428.139	69.62503	1.172933	0.1666306	3.471906
816	-2362.159	-2431.105	68.94599	1.07817	0.2481986	3.781636
822	-2363.701	-2433.745	70.04459	1.262921	0.2928207	2.962292
828	-2366.287	-2437.309	71.02132	1.337868	0.351082	2.229412
834	-2362.223	-2432.121	69.89819	1.160948	0.3358456	3.052863
840	-2360.134	-2430.942	70.80833	1.251156	0.1628509	2.726625
846	-2354.571	-2424.642	70.07128	1.238673	0.1628509	3.177981
852	-2352.411	-2422.971	70.56027	1.238673	0.2377991	2.748531
858	-2351.093	-2421.167	70.07465	1.132132	0.3059847	3.004348
864	-2356.315	-2426.307	69.99192	1.073566	0.3059847	3.088868
870	-2359.998	-2430.086	70.08735	1.229396	0.2329464	3.047904
876	-2360.169	-2430.859	70.68951	1.070901	0.4499962	2.488236
882	-2360.471	-2431.191	70.72027	1.198531	0.3667982	2.488236
888	-2358.021	-2428.241	70.21995	1.333021	0.1674499	3.023984
894	-2368.476	-2439.155	70.67843	1.241966	0.1674499	2.802185
900	-2368.849	-2440.971	72.12178	1.791901	0.1180211	1.620969
906	-2366.254	-2437.938	71.68315	1.764359	0.1371077	1.896139
912	-2364.825	-2435.299	70.47412	1.393438	0.2619575	2.667709
918	-2352.061	-2423.576	71.51549	1.285949	0.244532	2.104888
924	-2353.108	-2423.724	70.61585	1.245944	0.2183923	2.742914
930	-2353.997	-2424.3	70.30328	1.153655	0.3040132	2.856274
936	-2362.268	-2431.518	69.25045	1.211066	0.3341602	3.408614
942	-2360.483	-2431.783	71.30011	1.571235	0.1926632	2.155489
948	-2358.29	-2429.111	70.821	1.272562	0.2619404	2.527792
954	-2351.503	-2422.996	71.49357	1.595203	0.1457489	2.114363
960	-2349.913	-2421.584	71.67129	1.506621	0.2375008	1.865748
966	-2356.978	-2428.828	71.84977	1.535014	0.1835904	1.831322
972	-2357.51	-2428.503	70.99295	1.492038	0.1826742	2.422554
978	-2358.896	-2429.341	70.44501	1.122532	0.3138818	2.775308
984	-2359.449	-2430.344	70.89476	1.05065	0.3614586	2.478441
990	-2359.401	-2430.088	70.68707	1.36464	0.1851493	2.687141
996	-2358.926	-2429.503	70.57759	1.214818	0.1851493	2.845406
1002	-2359.652	-2430.454	70.80246	1.303212	0.2063963	2.614258
1008	-2354.319	-2424.904	70.58454	1.464452	0.2262556	2.614258
1014	-2357.82	-2428.571	70.75085	1.288545	0.2297242	2.614258
1020	-2360.072	-2430.702	70.63028	1.559522	0.1712165	2.629493
1026	-2369.676	-2439.372	69.69644	1.533061	0.2982056	3.001546
1032	-2366.971	-2435.409	68.43792	1.249829	0.2288153	4.004563
1038	-2372.677	-2441.514	68.83688	1.370558	0.1556904	3.835412
1044	-2370.041	-2439.382	69.3419	1.07103	0.1910227	3.650649
1050	-2369.008	-2440.147	71.13943	1.626592	0.2119703	2.186671
1056	-2361.545	-2433.007	71.46198	1.509473	0.1840822	2.107435
1062	-2352.539	-2424.081	71.54168	1.509473	0.1596265	2.107435
1068	-2353.293	-2424.751	71.4579	1.566672	0.1700788	2.102022
1074	-2358.163	-2429.559	71.39563	1.33067	0.2252283	2.188046
1080	-2353.584	-2424.787	71.20291	1.432528	0.2593013	2.188046
1086	-2354.045	-2424.522	70.4774	1.21777	0.2117878	2.855858
1092	-2358.409	-2428.923	70.5143	1.229959	0.238871	2.78015
1098	-2361.736	-2431.024	69.28826	1.258554	0.182941	3.587541
1104	-2362.206	-2432.086	69.88017	1.300882	0.1483026	3.283829
1110	-2352.164	-2422.854	70.69006	1.237464	0.2254926	2.690408
1116	-2347.577	-2417.101	69.52367	1.144409	0.221553	3.449981
1122	-2353.686	-2424.771	71.08515	0.9965297	0.1846615	2.669654
1128	-2354	-2425.308	71.30769	1.296673	0.2117132	2.291222
1134	-2352.503	-2422.923	70.42002	1.296594	0.2117132	2.842982
1140	-2355.636	-2425.401	69.76577	1.196956	0.2450025	3.239146
1146	-2354.882	-2423.621	68.73834	1.143547	0.2918304	3.800918
1152	-2355.748	-2426.442	70.69348	1.163411	0.2315721	2.723429
1158	-2359.361	-2430.532	71.17055	1.324363	0.1800084	2.421611
1164	-2355.875	-2427.174	71.29888	1.645642	0.1391328	2.223579
1170	-2356.576	-2427.346	70.76928	1.605278	0.1300077	2.604532
1176	-2358.317	-2429.292	70.97509	1.504829	0.145942	2.502767
1182	-2357.528	-2428.033	70.50481	1.475351	0.145942	2.810656
1188	-2356.909	-2428.028	71.11907	1.530213	0.1813692	2.321066
1194	-2359.851	-2430.897	71.04578	1.329946	0.2804415	2.321066
1200	-2357.43	-2429.116	71.68567	1.54339	0.1860252	1.932187
1206	-2358.489	-2429.373	70.88411	1.414226	0.2348409	2.444157
1212	-2350.743	-2421.47	70.7269	1.32997	0.340059	2.436744
1218	-2352.095	-2423.068	70.97268	1.350773	0.2299624	2.436744
1224	-2357.904	-2428.885	70.98114	1.376375	0.2177809	2.436744
1230	-2358.15	-2430.007	71.85709	1.530897	0.2106292	1.772688
1236	-2351.399	-2422.967	71.56821	1.497975	0.291732	1.848431
1242	-2359.109	-2431.397	72.28808	1.510799	0.2623025	1.367495
1248	-2351.9	-2423.079	71.17956	1.350639	0.2060311	2.349042
1254	-2349.593	-2420.69	71.09701	1.256531	0.1777024	2.514861
1260	-2353.623	-2425.414	71.79137	1.588833	0.1676003	1.86973
1266	-2358.179	-2430.024	71.84505	1.795483	0.1810541	1.657614
1272	-2360.071	-2432.18	72.10904	1.790679	0.1489858	1.54692
1278	-2348.066	-2419.954	71.88789	1.590916	0.2969606	1.54692
1284	-2349.717	-2421.51	71.79324	1.664776	0.2165708	1.711593
1290	-2365.949	-2437.976	72.02709	1.530418	0.2255645	1.622434
1296	-2360.615	-2432.946	72.33125	1.64461	0.2973085	1.149523
1302	-2363.552	-2436.065	72.5128	1.911468	0.2269616	0.8828493
1308	-2354.266	-2426.8	72.53408	1.911468	0.2281717	0.853809
1314	-2359.624	-2432.159	72.53446	1.89595	0.2169547	0.9077353
1320	-2363.23	-2435.893	72.66325	1.659895	0.2362592	0.9653362
1326	-2362.88	-2435.192	72.3125	1.669461	0.2643111	1.213796
1332	-2361.658	-2434.152	72.49415	1.669461	0.2562717	1.070318
1338	-2368.356	-2440.406	72.05071	1.656179	0.2061391	1.55393
1344	-2369.291	-2440.973	71.68171	1.577307	0.2335402	1.817454
1350	-2365.016	-2436.545	71.52879	1.574349	0.2508267	1.892614
1356	-2364.019	-2435.549	71.53049	1.572644	0.2508267	1.892614
1362	-2372.965	-2443.826	70.86111	1.269272	0.2309505	2.555769
1368	-2368.375	-2438.076	69.7015	1.291881	0.2897204	3.154465
1374	-2361.747	-2431.483	69.73618	1.162354	0.212552	3.329848
1380	-2356.483	-2427.546	71.06344	1.486519	0.1682477	2.410882
1386	-2356.663	-2427.777	71.11389	1.362105	0.1915325	2.410882
1392	-2354.588	-2425.4	70.81201	1.476697	0.2194097	2.477038
1398	-2358.341	-2429.455	71.11406	1.499274	0.2602608	2.200773
1404	-2352.149	-2422.213	70.06374	1.121576	0.2602608	3.083399
1410	-2359.123	-2429.046	69.92316	1.240218	0.1768236	3.237668
1416	-2364.861	-2435.285	70.42354	1.313625	0.1690226	2.910104
1422	-2371.977	-2444.143	72.16563	1.632523	0.3088181	1.278049
1428	-2365.199	-2436.699	71.49951	1.48684	0.3427716	1.824393
1434	-2369.422	-2440.427	71.00499	1.622942	0.368329	2.030454
1440	-2363.48	-2435.163	71.68266	1.367362	0.1831252	2.057715
1446	-2358.859	-2430.615	71.75552	1.425358	0.1661869	2.007202
1452	-2354.595	-2425.387	70.79168	1.269953	0.1963545	2.659873
1458	-2363.893	-2435.001	71.10768	1.360029	0.3273795	2.192242
1464	-2365.284	-2435.922	70.63808	1.205795	0.1831908	2.817878
1470	-2361.786	-2432.163	70.37694	1.356596	0.1831908	2.884781
1476	-2360.957	-2431.087	70.13007	1.29314	0.2719298	2.923081
1482	-2370.599	-2440.779	70.18025	1.07736	0.2719298	3.022626
1488	-2367.013	-2437.265	70.25136	1.090295	0.2393471	3.022626
1494	-2358.902	-2429.65	70.74783	1.136633	0.1721149	2.814733
1500	-2370.207	-2440.276	70.06877	0.9598384	0.2691235	3.163377
1506	-2353.482	-2424.562	71.08009	1.279719	0.2691235	2.348933
1512	-2367.653	-2438.752	71.09937	1.400515	0.2840703	2.235897
1518	-2358.277	-2429.761	71.48479	1.309168	0.3438525	1.953664
1524	-2354.151	-2425.062	70.91067	1.265751	0.3438525	2.356081
1530	-2350.567	-2421.448	70.88038	1.385072	0.2265989	2.478985
1536	-2358.138	-2428.357	70.21868	1.336843	0.2334692	2.903544
1542	-2357.571	-2427.767	70.19631	1.176027	0.3068195	2.903544
1548	-2358.923	-2428.585	69.66175	0.9314918	0.3055871	3.368828
1554	-2359.26	-2430.69	71.42999	1.451217	0.2795629	1.993272
1560	-2361.61	-2432.485	70.87459	1.492207	0.342433	2.236323
1566	-2360.206	-2431.178	70.97162	1.609049	0.1348556	2.46487
1572	-2357.98	-2429.413	71.43307	1.655311	0.1606125	2.080784
1578	-2359.571	-2431.592	72.02097	1.575209	0.1385627	1.790468
1584	-2367.859	-2439.081	71.22166	1.516534	0.2998214	2.056168
1590	-2370.019	-2441.46	71.44074	1.652255	0.1400939	2.124897
1596	-2360.947	-2432.729	71.78193	1.50242	0.2029019	1.859821
1602	-2359.72	-2431.436	71.71664	1.582668	0.2011815	1.85308
1608	-2356.994	-2428.724	71.73061	1.660601	0.2596242	1.676638
1614	-2356.893	-2428.686	71.79315	1.594826	0.2608955	1.676638
1620	-2365.839	-2438.043	72.20319	1.526012	0.2054289	1.538988
1626	-2370.988	-2441.843	70.85492	1.535417	0.395472	2.151128
1632	-2363.654	-2435.582	71.92727	1.657657	0.1846536	1.689194
1638	-2364.207	-2436.102	71.89505	1.690178	0.1710718	1.719688
1644	-2361.873	-2433.261	71.38773	1.42399	0.219498	2.142971
1650	-2365.598	-2436.824	71.22632	1.262255	0.2843405	2.24276
1656	-2359.052	-2429.515	70.46267	1.239581	0.1522715	2.965256
1662	-2365.238	-2434.682	69.44361	1.162175	0.1810953	3.556641
1668	-2366.388	-2436.137	69.74944	1.285517	0.1981347	3.274468
1674	-2375.942	-2445.081	69.13828	1.410135	0.1916014	3.57099
1680	-2366.207	-2436.316	70.10881	1.274923	0.1824573	3.0962
1686	-2363.757	-2434.278	70.52112	1.168923	0.1824573	2.912456
1692	-2359.91	-2429.581	69.67154	1.367516	0.2793942	3.142109
1698	-2358.131	-2427.238	69.10693	0.9593516	0.2817824	3.70845
1704	-2358.578	-2428.186	69.60755	1.186526	0.2475092	3.334699
1710	-2360.258	-2430.581	70.32281	1.308485	0.1994523	2.916424
1716	-2352.181	-2422.573	70.39219	1.416495	0.275136	2.68365
1722	-2346.817	-2417.748	70.9302	1.459843	0.2124623	2.425848
1728	-2354.464	-2425.151	70.68632	1.471075	0.2956703	2.436233
1734	-2357.117	-2428.278	71.16058	1.44117	0.3142469	2.12408
1740	-2355.473	-2425.554	70.08153	1.419877	0.28593	2.855137
1746	-2361.302	-2431.311	70.00864	1.163968	0.1779648	3.230044
1752	-2350.329	-2420.188	69.8585	1.304528	0.1885213	3.216085
1758	-2351.734	-2422.283	70.54839	1.270237	0.2376295	2.736778
1764	-2359.502	-2430.383	70.88052	1.706234	0.2762809	2.192036
1770	-2357.105	-2428.216	71.11096	1.324396	0.2112316	2.399514
1776	-2353.463	-2422.917	69.4533	1.240654	0.1714295	3.523382
1782	-2358.321	-2429.005	70.68397	1.322777	0.19889	2.688935
1788	-2361.516	-2432.347	70.83106	1.322927	0.195393	2.604659
1794	-2358.422	-2429.338	70.91588	1.177099	0.20025	2.633335
1800	-2353.54	-2423.987	70.44664	1.098547	0.2586307	2.869614
1806	-2353.624	-2424.122	70.49775	1.22667	0.194251	2.869614
1812	-2354.119	-2424.876	70.75758	1.332403	0.2018493	2.632243
1818	-2354.521	-2423.942	69.42142	1.094867	0.1953258	3.583068
1824	-2364.356	-2433.871	69.51471	0.9533792	0.222939	3.564333
1830	-2382.136	-2451.411	69.27487	1.207002	0.2426665	3.52495
1836	-2369.554	-2439.294	69.73914	1.108949	0.2528289	3.294709
1842	-2362.334	-2432.444	70.11064	1.173208	0.2528289	3.035929
1848	-2360.706	-2430.64	69.93406	1.177732	0.3475279	3.006353
1854	-2354.408	-2425.376	70.96744	1.273606	0.3475279	2.309984
1860	-2362.48	-2432.476	69.99609	1.365002	0.2626368	2.974512
1866	-2359.279	-2430.558	71.27955	1.279755	0.2413432	2.267373
1872	-2360.978	-2431.267	70.28894	1.279755	0.1433388	3.064226
1878	-2370.677	-2441.357	70.67915	1.290333	0.2050274	2.700616
1884	-2368.907	-2440.546	71.63948	1.76857	0.09939975	2.022617
1890	-2361.72	-2433.758	72.03796	1.831651	0.1173329	1.654649
1896	-2364.111	-2435.721	71.61017	1.785486	0.1173329	1.981842
1902	-2361.872	-2433.592	71.71974	1.828075	0.2408178	1.599291
1908	-2372.245	-2443.565	71.3201	1.802162	0.1261767	2.139646
1914	-2363.967	-2436.169	72.20187	1.556667	0.1785154	1.578051
1920	-2360.833	-2432.794	71.96026	1.678394	0.2103944	1.594831
1926	-2357.277	-2429.389	72.11218	1.560159	0.2277337	1.533975
1932	-2356.231	-2427.846	71.61551	1.533848	0.2070136	1.943187
1938	-2358.614	-2429.468	70.85419	1.279456	0.315096	2.423012
1944	-2356.602	-2427.87	71.26877	1.426494	0.3562534	2.002221
1950	-2369.29	-2440.464	71.17441	1.430553	0.2603969	2.205963
1956	-2356.162	-2427.55	71.38736	1.477185	0.2337548	2.082449
1962	-2352.23	-2423.474	71.24331	1.428624	0.1646008	2.341293
1968	-2360.02	-2432.001	71.98052	1.505799	0.2455387	1.634716
1974	-2358.631	-2430.639	72.0079	1.463517	0.2161968	1.702877
1980	-2362.082	-2433.705	71.62266	1.458805	0.170375	2.063952
1986	-2357.861	-2429.14	71.27854	1.397242	0.1608241	2.346904
1992	-2366.134	-2437.463	71.32859	1.264571	0.1608241	2.399242
1998	-2367.263	-2437.345	70.08169	0.9416526	0.1608241	3.351239
2004	-2365.937	-2435.516	69.57956	1.069471	0.2113673	3.478091
2010	-2360.709	-2431	70.29186	1.189784	0.3052014	2.839624
2016	-2353.884	-2423.802	69.91833	1.119212	0.1561905	3.352166
2022	-2356.391	-2425.506	69.11537	1.212089	0.213984	3.660685
2028	-2356.667	-2427.859	71.19226	1.455649	0.2946026	2.123552
2034	-2363.343	-2433.662	70.31858	1.166283	0.2688383	2.890496
2040	-2357.932	-2427.477	69.54442	1.319179	0.2596182	3.275259
2046	-2352.975	-2422.856	69.88034	1.125025	0.2415016	3.219421
2052	-2358.502	-2428.658	70.15598	1.323539	0.2336149	2.949136
2058	-2354.024	-2424.756	70.73192	1.187494	0.208642	2.724815
2064	-2352.368	-2422.795	70.42683	1.066167	0.208642	2.983344
2070	-2355.126	-2425.655	70.52883	1.1808	0.2049453	2.859193
2076	-2360.698	-2429.911	69.21323	1.211977	0.3336671	3.430508
2082	-2357.125	-2426.697	69.57173	1.280526	0.1853289	3.404964
2088	-2365.355	-2435.325	69.96999	1.198659	0.264027	3.087637
2094	-2360.904	-2431.718	70.81375	1.459531	0.3858241	2.239155
2100	-2371.311	-2440.349	69.03799	1.338703	0.2792931	3.531882
2106	-2358.223	-2427.896	69.67395	1.236516	0.2206161	3.309286
2112	-2361.55	-2431.341	69.79074	1.198841	0.1999301	3.298053
2118	-2355.819	-2425.696	69.8769	1.156321	0.1856343	3.298053
2124	-2355.314	-2425.501	70.18655	1.288456	0.277115	2.884076
2130	-2360.256	-2430.518	70.26226	1.179755	0.2907815	2.884076
2136	-2364.793	-2433.908	69.11501	1.080995	0.1583568	3.836737
2142	-2362.963	-2433.175	70.21199	1.12914	0.3408431	2.876776
2148	-2357.845	-2428.344	70.49916	1.141694	0.2186985	2.876776
2154	-2356.25	-2427.57	71.31942	1.410361	0.3000662	2.06135
2160	-2358.526	-2429.594	71.06779	1.381554	0.1919207	2.426928
2166	-2356.369	-2426.702	70.3336	1.192048	0.1597747	3.055701
2172	-2355.885	-2427.023	71.13818	1.469396	0.185118	2.340118
2178	-2358.753	-2430.255	71.50189	1.451633	0.1495725	2.193631
2184	-2360.289	-2431.326	71.03724	1.198545	0.1539153	2.636972
2190	-2364.624	-2434.921	70.29678	1.170514	0.2163559	2.985418
2196	-2359.925	-2430.903	70.97737	1.116605	0.2322806	2.576118
2202	-2355.245	-2427.199	71.95418	1.522448	0.2817033	1.575289
2208	-2352.816	-2425	72.184	1.544591	0.2242904	1.499155
2214	-2351.545	-2423.168	71.6222	1.544591	0.22136	1.903582
2220	-2355.513	-2427.058	71.54505	1.544591	0.1829617	2.031829
2226	-2351.206	-2421.622	70.41565	1.39228	0.1559961	2.89378
2232	-2356.4	-2426.834	70.4338	1.398399	0.2179822	2.761705
2238	-2354.097	-2424.406	70.30923	1.125329	0.1697588	3.090224
2244	-2351.078	-2421.231	70.15275	1.245671	0.1643096	3.122499
2250	-2355.047	-2425.648	70.6013	1.23288	0.1939844	2.803483
2256	-2360.056	-2429.783	69.72701	1.082193	0.2083087	3.389553
2262	-2364.687	-2434.449	69.76265	1.258804	0.2160959	3.25138
2268	-2364.437	-2434.955	70.51803	1.294141	0.2087159	2.790179
2274	-2364.215	-2435.075	70.85998	1.217674	0.2610514	2.53911
2280	-2365.99	-2436.96	70.97055	1.458925	0.1437501	2.53911
2286	-2366.936	-2438.268	71.3322	1.318541	0.2299824	2.22838
2292	-2368.057	-2439.266	71.20841	1.371725	0.2299824	2.273765
2298	-2361.061	-2432.217	71.15548	1.314501	0.2264333	2.350299
2304	-2365.489	-2436.008	70.51854	1.315829	0.2332174	2.734467
2310	-2361.951	-2433.338	71.38754	1.365785	0.1995398	2.218518
2316	-2353.223	-2424.724	71.50102	1.316803	0.1999768	2.175924
2322	-2356.956	-2427.438	70.48261	1.297321	0.4019409	2.531487
2328	-2371.655	-2442.667	71.01236	1.534586	0.4019409	2.04007
2334	-2363.327	-2434.703	71.37615	1.57822	0.1801631	2.126706
2340	-2359.62	-2429.814	70.19417	1.417915	0.2377874	2.862248
2346	-2366.704	-2437.704	71.00017	1.487621	0.2108281	2.367075
2352	-2361.21	-2430.391	69.18133	1.200002	0.2071367	3.64098
2358	-2363.251	-2433.586	70.33511	1.256754	0.195267	2.94779
2364	-2368.942	-2439.402	70.46013	1.323149	0.2203596	2.787436
2370	-2358.978	-2429.63	70.65186	1.210681	0.1967028	2.781194
2376	-2358.874	-2428.467	69.59349	1.217049	0.3512901	3.181292
2382	-2361.422	-2431.318	69.89528	1.441341	0.1839547	3.121465
2388	-2354.829	-2424.72	69.89132	1.099609	0.2713798	3.182403
2394	-2351.713	-2421.574	69.86135	1.128699	0.2713798	3.182926
2400	-2356.982	-2428.019	71.03639	1.384785	0.3172899	2.236792
2406	-2355.639	-2426.341	70.70233	1.366373	0.3934469	2.360313
2412	-2363.25	-2433.77	70.52007	1.222692	0.3557418	2.611917
2418	-2353.231	-2423.472	70.24099	1.139733	0.3557418	2.833684
2424	-2354.124	-2425.16	71.03659	1.251587	0.3012667	2.345277
2430	-2356.061	-2426.695	70.6344	1.201675	0.2636071	2.6845
2436	-2359.586	-2428.707	69.12127	1.045044	0.2284533	3.730307
2442	-2357.106	-2426.958	69.8517	1.055065	0.2376586	3.283773
2448	-2362.137	-2431.632	69.49507	1.039304	0.1967934	3.569979
2454	-2357.915	-2427.89	69.97535	1.114569	0.2462918	3.161754
2460	-2370.872	-2439.866	68.99409	1.244843	0.2438831	3.664169
2466	-2380.298	-2448.978	68.67954	1.123766	0.2804738	3.861785
2472	-2366.802	-2438.099	71.29732	1.591326	0.2321346	2.069487
2478	-2365.45	-2436.477	71.02633	1.5581	0.1703916	2.384656
2484	-2364.959	-2436.648	71.68903	1.698448	0.1825314	1.831759
2490	-2368.007	-2439.426	71.41859	1.483854	0.1937563	2.133039
2496	-2369.399	-2440.916	71.51669	1.545707	0.1839822	2.047758
2502	-2367.636	-2437.611	69.97473	1.217554	0.1693482	3.234914
2508	-2363.107	-2432.885	69.77875	1.05263	0.3008874	3.234914
2514	-2364.773	-2436.901	72.12897	1.915686	0.1003386	1.5783
2520	-2353.898	-2425.621	71.72242	1.615616	0.2197587	1.789245
2526	-2356.962	-2426.58	69.61804	1.246978	0.2336941	3.314706
2532	-2357.455	-2428.08	70.62489	1.140295	0.2373611	2.76987
2538	-2355.026	-2425.136	70.1103	1.136712	0.2266831	3.099841
2544	-2354.644	-2425.259	70.61443	1.230608	0.1765759	2.829935
2550	-2353.702	-2424.29	70.58725	1.241104	0.2465421	2.716271
2556	-2362.359	-2433.515	71.15634	1.427549	0.1488274	2.431168
2562	-2365.795	-2434.663	68.86859	1.306574	0.1986498	3.774669
2568	-2356.693	-2426.583	69.88924	1.423988	0.1823619	3.138366
2574	-2363.081	-2433.478	70.39688	1.048464	0.2109603	3.007903
2580	-2366.458	-2437.614	71.15657	1.34764	0.2791544	2.240789
2586	-2367.541	-2439.486	71.94436	1.451957	0.315173	1.576768
2592	-2364.226	-2434.102	69.87586	0.9145443	0.36672	3.174266
2598	-2363.399	-2433.212	69.8122	1.042469	0.1728975	3.426729
2604	-2360.234	-2430.299	70.06459	1.424891	0.1728975	3.051307
2610	-2356.097	-2427.06	70.96266	1.349173	0.2084897	2.482198
2616	-2353.799	-2424.739	70.94016	1.288053	0.2957187	2.3915
2622	-2350.872	-2421.314	70.44151	1.307565	0.2131596	2.820737
2628	-2359.773	-2429.851	70.07786	1.294374	0.1574677	3.151817
2634	-2365.399	-2435.258	69.85855	1.222632	0.2160189	3.216183
2640	-2359.161	-2428.016	68.85487	1.049126	0.2592527	3.834325
2646	-2371.475	-2440.337	68.86184	0.9055151	0.3162684	3.834325
2652	-2368.012	-2436.924	68.91278	1.089079	0.2226754	3.834325
2658	-2363.074	-2431.991	68.91736	1.269544	0.2669015	3.659904
2664	-2366.134	-2436.615	70.48088	1.147359	0.2209052	2.880635
2670	-2366.371	-2437.187	70.81664	1.633083	0.2024038	2.406773
2676	-2362.512	-2431.952	69.43924	1.265566	0.2630071	3.363661
2682	-2358.661	-2429.911	71.24977	1.287545	0.2332049	2.29552
2688	-2362.335	-2432.743	70.40829	1.324518	0.2332049	2.796475
2694	-2358.892	-2429.427	70.53453	1.476906	0.1362413	2.81298
2700	-2361.473	-2432.581	71.10711	1.452716	0.1331626	2.48187
2706	-2359.686	-2430.539	70.85262	1.187843	0.3148568	2.48187
2712	-2358.358	-2428.869	70.5103	1.308792	0.1394383	2.922376
2718	-2357.589	-2428.292	70.70357	1.284861	0.187333	2.721786
2724	-2355.81	-2425.37	69.55967	0.9807557	0.187333	3.583282
2730	-2365.773	-2434.629	68.85638	0.9042084	0.2496042	3.930942
2736	-2360.466	-2429.81	69.34463	1.262829	0.3256319	3.333906
2742	-2356.057	-2425.973	69.91623	1.232897	0.2992133	3.048278
2748	-2370.729	-2439.079	68.34973	1.073056	0.2992133	4.054014
2754	-2362.481	-2432.822	70.34132	1.059284	0.2119508	3.032992
2760	-2367.953	-2436.591	68.63807	1.060836	0.266086	3.942065
2766	-2365.643	-2435.776	70.13345	1.29952	0.1474129	3.136483
2772	-2354.026	-2423.893	69.86621	1.167778	0.2750803	3.151404
2778	-2359.783	-2428.598	68.81509	1.179034	0.197074	3.881511
2784	-2365.807	-2436.553	70.74645	1.425853	0.2493311	2.498936
2790	-2357.891	-2429.242	71.3501	1.303049	0.1880506	2.305268
2796	-2354.075	-2425.442	71.36721	1.590007	0.1828946	2.119203
2802	-2354.726	-2425.488	70.7615	1.430465	0.1809185	2.608886
2808	-2353.338	-2425.369	72.0313	1.775365	0.1871924	1.522383
2814	-2357.801	-2430.021	72.22	1.66748	0.1312087	1.603185
2820	-2358.967	-2430.289	71.32259	1.800122	0.1345303	2.118807
2826	-2361.083	-2432.817	71.73366	1.755357	0.1477889	1.841553
2832	-2361.912	-2433.134	71.22134	1.672941	0.2653934	2.007956
2838	-2356.336	-2428.003	71.66647	1.574371	0.2653934	1.772233
2844	-2360.694	-2431.878	71.18492	1.466465	0.2815046	2.141739
2850	-2355.9	-2426.978	71.07804	1.583591	0.2364607	2.209947
2856	-2362.927	-2434.74	71.81273	2.00918	0.1657546	1.562024
2862	-2362.148	-2433.463	71.31516	1.671836	0.1358678	2.203872
2868	-2360.818	-2431.908	71.08984	1.593793	0.1358678	2.397701
2874	-2355.647	-2426.777	71.13045	1.559321	0.1908385	2.276349
2880	-2359.525	-2430.459	70.93399	1.663416	0.1712765	2.374615
2886	-2363.785	-2435.038	71.25283	1.430782	0.2410828	2.18768
2892	-2357.224	-2428.438	71.21333	1.670595	0.1639534	2.2068
2898	-2359.689	-2431.522	71.83321	1.534218	0.1573549	1.901836
2904	-2358.866	-2430.621	71.75494	1.493986	0.2894407	1.725324
2910	-2360.641	-2430.836	70.19548	1.304376	0.1659637	3.058712
2916	-2360.814	-2431.454	70.63962	1.177699	0.160456	2.878916
2922	-2360.382	-2430.076	69.69362	1.07873	0.2118496	3.405135
2928	-2357.822	-2429.239	71.41653	1.39218	0.2608345	2.072278
2934	-2361.558	-2432.586	71.02753	1.304636	0.2608345	2.379714
2940	-2367.634	-2437.599	69.96533	0.991184	0.2876611	3.179276
2946	-2360.628	-2429.793	69.16501	1.060656	0.2810115	3.617245
2952	-2364.04	-2432.631	68.59116	1.075401	0.2322866	4.011223
2958	-2361.215	-2429.845	68.62963	1.050963	0.3685058	3.81993
2964	-2359.912	-2429.519	69.60671	1.209786	0.2405355	3.332392
2970	-2362.403	-2433.08	70.67725	1.481294	0.1547993	2.682656
2976	-2358.172	-2429.591	71.41929	1.360752	0.2258976	2.151919
2982	-2355.455	-2426.39	70.93498	1.230773	0.342468	2.36472
2988	-2356.305	-2427.408	71.10297	1.250042	0.2362821	2.407257
2994	-2362.077	-2432.244	70.16658	1.167516	0.236237	3.032173
3000	-2364.477	-2435.39	70.91322	1.550353	0.1500932	2.503825
3006	-2359.13	-2430.899	71.76879	1.444936	0.2239214	1.866749
3012	-2358.685	-2429.94	71.25459	1.397467	0.2403385	2.209391
3018	-2363.861	-2435.054	71.19275	1.51927	0.3183161	2.045523
3024	-2364.406	-2434.621	70.21476	1.337428	0.1958662	2.970569
3030	-2357.203	-2429.022	71.81858	1.290722	0.2535569	1.883591
3036	-2358.002	-2429.877	71.87425	1.625591	0.2178181	1.67942
3042	-2356.789	-2428.352	71.56261	1.394729	0.2692721	1.959297
3048	-2355.109	-2426.803	71.69443	1.561723	0.2046123	1.875619
3054	-2351.088	-2422.641	71.55313	1.524074	0.1924579	2.020551
3060	-2347.878	-2419.475	71.59685	1.488832	0.2496969	1.906462
3066	-2353.781	-2425.004	71.22303	1.425931	0.2702388	2.161354
3072	-2356.55	-2426.685	70.13479	1.200964	0.2939718	2.943655
3078	-2354.898	-2425.551	70.65302	1.298797	0.2015308	2.717793
3084	-2353.735	-2424.281	70.54675	1.303003	0.2156765	2.755001
3090	-2365.323	-2435.205	69.88217	1.094375	0.2651275	3.200207
3096	-2356.59	-2426.373	69.78264	1.29409	0.2271896	3.200207
3102	-2365.167	-2433.314	68.14674	0.9596338	0.2271896	4.337418
3108	-2362.47	-2432.34	69.86978	0.9503905	0.2271896	3.351601
3114	-2361.291	-2431.368	70.07715	1.064179	0.196684	3.214173
3120	-2361.142	-2432.25	71.10779	1.435316	0.2004147	2.351404
3126	-2358.098	-2429.914	71.81611	1.432761	0.2140213	1.861898
3132	-2359.501	-2430.844	71.34263	1.563706	0.2140213	2.091249
3138	-2358.391	-2429.637	71.24584	1.365111	0.3018535	2.136618
3144	-2358.237	-2429.584	71.34755	1.78145	0.1976231	1.97556
3150	-2358.38	-2429.198	70.81799	1.354799	0.2303949	2.530324
3156	-2358.492	-2429.41	70.91852	1.324677	0.2056159	2.530324
3162	-2355.962	-2426.91	70.94892	1.204003	0.2376941	2.530324
3168	-2358.256	-2428.955	70.69952	1.368193	0.2376941	2.583291
3174	-2367.471	-2437.756	70.28447	1.274254	0.3993398	2.671518
3180	-2355.038	-2426.22	71.1813	1.35241	0.3272032	2.149622
3186	-2356.23	-2426.405	70.17507	1.42157	0.3212438	2.747448
3192	-2358.677	-2429.373	70.69537	1.217568	0.2342054	2.684644
3198	-2360.58	-2430.885	70.30505	1.176463	0.1764825	3.04915
3204	-2366.368	-2436.524	70.15594	1.128212	0.2201481	3.088595
3210	-2360.689	-2432.225	71.53656	1.543838	0.2411256	1.925366
3216	-2357.366	-2428.572	71.20621	1.437519	0.2527783	2.193558
3222	-2358	-2428.3	70.3	1.118711	0.2440145	2.968903
3228	-2362.335	-2432.406	70.07142	1.311323	0.3288679	2.867312
3234	-2362.645	-2434.055	71.41015	1.311323	0.2649416	2.122715
3240	-2369.465	-2440.541	71.07605	1.260246	0.2527213	2.390298
3246	-2363.328	-2434.665	71.33739	1.327318	0.2743701	2.144432
3252	-2358.376	-2429.449	71.07348	1.339395	0.2743701	2.306854
3258	-2361.631	-2431.479	69.84785	1.205875	0.2113515	3.240364
3264	-2357.144	-2427.364	70.22019	1.433356	0.1798618	2.939414
3270	-2365.351	-2436.801	71.44963	1.40159	0.2161839	2.123323
3276	-2360.028	-2431.005	70.97657	1.391467	0.1591216	2.543975
3282	-2368.647	-2438.932	70.2849	1.363294	0.2222576	2.866249
3288	-2360.038	-2430.993	70.95521	1.217815	0.2046153	2.575786
3294	-2358.853	-2428.741	69.88781	1.36687	0.2171433	3.111246
3300	-2360.052	-2430.52	70.468	1.434181	0.1301314	2.893014
3306	-2362.912	-2433.381	70.46951	1.231162	0.1893724	2.893014
3312	-2355.89	-2427.876	71.98642	1.561223	0.1797579	1.72646
3318	-2361.293	-2432.611	71.31823	1.689919	0.1613311	2.131799
3324	-2351.851	-2422.384	70.53337	1.478024	0.206082	2.672963
3330	-2355.691	-2425.787	70.09522	1.455055	0.145694	3.070203
3336	-2356.733	-2426.915	70.18151	1.235902	0.2510084	2.958618
3342	-2359.677	-2430.159	70.4821	1.183281	0.1663811	2.958618
3348	-2363.639	-2434.138	70.49904	1.137762	0.3333014	2.706602
3354	-2369.547	-2438.714	69.16742	0.9381648	0.2151053	3.786978
3360	-2358.689	-2429.763	71.07387	1.618301	0.1409183	2.380636
3366	-2357.085	-2428.078	70.99328	1.405503	0.2329125	2.384122
3372	-2359.96	-2429.592	69.63178	1.515937	0.1308336	3.340891
3378	-2358.368	-2429.33	70.96223	1.530135	0.2113349	2.363244
3384	-2354.176	-2424.679	70.50247	1.171928	0.2537737	2.798759
3390	-2356.845	-2426.456	69.61176	1.283141	0.2537737	3.265648
3396	-2361.874	-2431.499	69.62451	1.269456	0.1989403	3.356062
3402	-2374.075	-2444.736	70.66093	1.315415	0.2290933	2.654243
3408	-2375.713	-2446.876	71.16336	1.442806	0.1861423	2.338983
3414	-2366.971	-2437.205	70.23415	1.460958	0.2572572	2.780671
3420	-2361.686	-2432.04	70.35471	1.375804	0.2436962	2.780671
3426	-2357.455	-2427.744	70.28867	1.432597	0.1269031	3.009287
3432	-2361.194	-2431.635	70.4416	1.626847	0.2265066	2.601789
3438	-2359.29	-2427.615	68.32527	1.101047	0.2168503	4.172602
3444	-2364.904	-2434.625	69.72166	1.265293	0.1872129	3.322411
3450	-2370.373	-2441.172	70.79874	1.24586	0.1872129	2.687562
3456	-2358.306	-2428.629	70.32279	1.216017	0.2374591	2.907103
3462	-2361.204	-2432.712	71.50822	1.447202	0.3099187	1.895133
3468	-2353.3	-2425.415	72.1152	1.709348	0.2554516	1.361061
3474	-2359.019	-2431.115	72.09619	1.895906	0.2442275	1.249002
3480	-2354.342	-2425.717	71.37458	1.422815	0.3033251	2.011526
3486	-2351.391	-2422.795	71.4035	1.44109	0.249198	2.068433
3492	-2354.383	-2426.444	72.06103	1.423129	0.249198	1.629334
3498	-2357.301	-2429.265	71.96394	1.441537	0.1890806	1.805271
3504	-2357.34	-2427.726	70.38544	1.131529	0.1878008	3.006543
3510	-2357.965	-2427.849	69.88381	1.080469	0.2239045	3.272119
3516	-2360.399	-2431.486	71.08676	1.2709	0.2694439	2.349796
3522	-2367.862	-2437.218	69.35601	1.229659	0.1793396	3.571583
3528	-2370.29	-2439.095	68.80484	1.170092	0.148966	3.982122
3534	-2365.321	-2434.971	69.65023	1.158374	0.1650341	3.46879
3540	-2363.441	-2434.098	70.65651	1.225768	0.172846	2.814621
3546	-2361.454	-2432.416	70.9623	1.291553	0.2254076	2.488317
3552	-2362.407	-2432.594	70.18759	1.443689	0.2410133	2.845365
3558	-2365.745	-2437.408	71.6632	1.580892	0.1512339	1.998982
3564	-2365.566	-2436.563	70.99719	1.307293	0.1916998	2.518148
3570	-2359.22	-2430.259	71.03923	1.350591	0.1607473	2.526981
3576	-2367.583	-2438.942	71.35951	1.32133	0.2717616	2.138118
3582	-2357.375	-2428.486	71.11079	1.427236	0.1642714	2.426715
3588	-2354.31	-2425.342	71.03255	1.397406	0.1984306	2.426715
3594	-2355.769	-2427.292	71.52314	1.528856	0.1901488	2.041965
3600	-2355.875	-2427.629	71.75316	1.408018	0.2311724	1.888882
3606	-2357.508	-2428.546	71.03815	1.252954	0.2678558	2.394476
3612	-2371.083	-2440.666	69.58326	1.199445	0.2405587	3.352225
3618	-2370.874	-2441.439	70.56484	1.195408	0.2988777	2.678437
3624	-2373.374	-2444.173	70.79972	1.196486	0.2167348	2.663344
3630	-2368.389	-2439.359	70.97039	1.365855	0.27018	2.362221
3636	-2366.368	-2437.985	71.61644	1.4491	0.2185915	1.977049
3642	-2361.846	-2432.209	70.36288	1.072641	0.316448	2.852061
3648	-2356.433	-2426.041	69.60795	1.205953	0.316448	3.224191
3654	-2368.464	-2438.227	69.76264	1.25105	0.2354138	3.224191
3660	-2375.198	-2444.453	69.25537	1.281736	0.2350494	3.504688
3666	-2371.738	-2441.213	69.4747	1.014728	0.2320105	3.537299
3672	-2365.411	-2435.827	70.41669	1.254695	0.2320105	2.835799
3678	-2372.169	-2442.862	70.69383	1.373898	0.1119116	2.835799
3684	-2359.832	-2430.855	71.02241	1.173297	0.2361861	2.506175
3690	-2363.058	-2433.169	70.11052	1.271493	0.1973351	3.069883
3696	-2359.1	-2429.215	70.11481	1.003131	0.327669	3.028353
3702	-2359.951	-2430.388	70.43704	1.120172	0.2543901	2.86894
3708	-2357.981	-2428.13	70.14949	1.104456	0.2543901	3.051404
3714	-2357.693	-2428.065	70.3718	1.128925	0.310423	2.820768
3720	-2354.296	-2422.93	68.63386	0.9718494	0.2849124	3.968893
3726	-2360.513	-2429.571	69.05811	1.051517	0.2849124	3.679015
3732	-2353.555	-2422.504	68.94866	1.055053	0.3311027	3.679015
3738	-2348.014	-2419.588	71.5739	1.399489	0.2388134	2.001317
3744	-2354.949	-2426.502	71.55293	1.386158	0.268337	1.9731
3750	-2362.196	-2434.25	72.05482	1.488538	0.2796342	1.52978
3756	-2355.796	-2427.873	72.07673	1.467081	0.1427598	1.816179
3762	-2360.57	-2432.537	71.96742	1.471502	0.274968	1.614742
3768	-2358.967	-2430.486	71.51888	1.53507	0.1421313	2.145579
3774	-2364.28	-2434.504	70.22427	1.38051	0.2321202	2.87599
3780	-2359.728	-2430.116	70.38785	1.311417	0.1986015	2.876889
3786	-2362.696	-2433.977	71.28149	1.463467	0.2254778	2.175495
3792	-2353.29	-2425.432	72.14179	1.6353	0.2254778	1.460029
3798	-2353.144	-2425.012	71.86849	1.685059	0.163105	1.760406
3804	-2362.481	-2433.408	70.92695	1.396203	0.2323418	2.432828
3810	-2362.56	-2433.515	70.95581	1.362627	0.2008969	2.49207
3816	-2353.824	-2424.808	70.98408	1.21004	0.2798523	2.436945
3822	-2354.807	-2425.635	70.82802	1.217671	0.3362796	2.448898
3828	-2358.374	-2430.117	71.74371	1.34007	0.3366024	1.766055
3834	-2359.051	-2428.614	69.5631	1.53202	0.267406	3.126388
3840	-2358.923	-2430.107	71.1831	1.358249	0.267406	2.235584
3846	-2355.434	-2426.429	70.99429	1.202776	0.207827	2.555002
3852	-2360.82	-2431.34	70.51939	1.163574	0.1776259	2.925974
3858	-2354.734	-2425.023	70.28885	1.325652	0.2511445	2.83932
3864	-2364.879	-2435.263	70.38357	1.123026	0.1605901	3.065438
3870	-2356.473	-2426.387	69.91354	1.239772	0.2031987	3.195539
3876	-2357.844	-2427.907	70.06329	1.249549	0.1166716	3.275838
3882	-2356.554	-2427.915	71.36144	1.45992	0.2103707	2.153724
3888	-2361.017	-2433.159	72.14122	1.649497	0.2025659	1.499442
3894	-2353.86	-2425.474	71.61427	1.649497	0.2025659	1.874554
3900	-2351.491	-2422.5	71.00923	1.357688	0.2629003	2.354362
3906	-2348.209	-2419.451	71.2419	1.411694	0.2054214	2.27145
3912	-2353.907	-2424.618	70.71091	1.478329	0.2063506	2.562551
3918	-2357.498	-2427.16	69.66162	1.232	0.2126123	3.332639
3924	-2356	-2425.842	69.84181	1.128519	0.2126123	3.287456
3930	-2351.893	-2422.217	70.32468	1.311466	0.2883542	2.769669
3936	-2354.445	-2424.632	70.18695	1.099392	0.2169629	3.09268
3942	-2348.285	-2418.137	69.85204	1.125681	0.3124299	3.132383
3948	-2355.963	-2426.566	70.60328	1.502853	0.3812896	2.351753
3954	-2358.05	-2428.757	70.70695	1.316077	0.3226301	2.481885
3960	-2354.804	-2425.853	71.04812	1.371426	0.218242	2.396812
3966	-2359.046	-2429.669	70.62244	1.459065	0.1480349	2.744335
3972	-2356.358	-2427.428	71.06986	1.390762	0.2221669	2.363797
3978	-2373.416	-2443.779	70.36323	0.9850214	0.1737959	3.133805
3984	-2366.85	-2437.831	70.98098	1.321159	0.2488658	2.41821
3990	-2364.803	-2435.535	70.73199	1.209414	0.1946818	2.736768
3996	-2355.069	-2424.261	69.19163	1.235613	0.2426643	3.556756
4002	-2349.899	-2419.987	70.08762	1.095518	0.2806748	3.054342
4008	-2365.739	-2434.682	68.94321	1.096022	0.2922567	3.709575
4014	-2363.013	-2433.443	70.4301	1.247795	0.2344914	2.827738
4020	-2365.83	-2435.312	69.48209	1.094625	0.2606479	3.442248
4026	-2358.349	-2429.304	70.9548	1.027083	0.3045735	2.533118
4032	-2353.103	-2424.767	71.66324	1.301506	0.3341744	1.851949
4038	-2352.998	-2424.755	71.75699	1.483961	0.3169943	1.685844
4044	-2351.965	-2423.805	71.84005	1.66195	0.2474061	1.619845
4050	-2360.941	-2432.591	71.65035	1.600255	0.2458439	1.800458
4056	-2367.49	-2439.351	71.86131	1.463651	0.3086497	1.639307
4062	-2359.615	-2431.012	71.39748	1.522526	0.1635731	2.184263
4068	-2357.038	-2428.296	71.25774	1.289027	0.2979673	2.184263
4074	-2364.672	-2434.141	69.46941	1.085506	0.2725873	3.437463
4080	-2374.356	-2446.654	72.29798	1.924025	0.2104422	1.131449
4086	-2366.869	-2439.22	72.35128	1.747	0.2204935	1.214251
4092	-2366.343	-2436.983	70.63977	1.276766	0.2343979	2.682107
4098	-2369.29	-2439.374	70.08414	1.13485	0.3007657	3.004266
4104	-2360.223	-2429.669	69.44622	1.188283	0.1786042	3.544536
4110	-2349.183	-2419.267	70.08381	1.184061	0.2434403	3.060231
4116	-2358.647	-2428.958	70.31059	1.353782	0.2440948	2.820287
4122	-2358.206	-2428.856	70.65011	1.248838	0.2303184	2.69976
4128	-2358.409	-2429.971	71.56174	1.458596	0.1862001	2.070956
4134	-2368.213	-2439.51	71.29731	1.530676	0.1658345	2.238843
4140	-2360.418	-2429.408	68.98984	1.166606	0.2440527	3.711619
4146	-2365.893	-2435.764	69.87127	1.262682	0.2024069	3.208401
4152	-2367.672	-2437.452	69.78043	1.157198	0.275306	3.208245
4158	-2365.212	-2434.678	69.46618	1.130634	0.4375941	3.208245
4164	-2366.111	-2436.939	70.82829	1.399447	0.1656635	2.617355
4170	-2364.204	-2434.172	69.96813	1.14911	0.2148057	3.196882
4176	-2363.279	-2433.369	70.09047	1.022552	0.205592	3.215224
4182	-2368.232	-2437.25	69.01751	0.9967282	0.2293694	3.816502
4188	-2367.319	-2437.175	69.85653	1.011756	0.2384376	3.305218
4194	-2354.356	-2424.16	69.80455	1.17597	0.16201	3.374044
4200	-2361.446	-2430.805	69.35886	1.304341	0.16201	3.55945
4206	-2353.213	-2423.29	70.07712	1.23575	0.1934241	3.118186
4212	-2364.165	-2436.771	72.6063	1.869067	0.2537694	0.7181626
4218	-2362.635	-2435.234	72.59934	1.987563	0.2200082	0.6827369
4224	-2360.447	-2433.034	72.58736	1.904291	0.2200082	0.825002
4230	-2371.852	-2444.291	72.43907	1.904291	0.2528153	0.8960576
4236	-2375.726	-2448.133	72.40705	1.793432	0.2818821	0.97143
4242	-2359.392	-2429.811	70.41888	1.197462	0.2265354	2.878302
4248	-2357.076	-2428.065	70.98884	1.257519	0.2766742	2.408928
4254	-2361.682	-2432.277	70.59537	1.304352	0.142565	2.866802
4260	-2376.944	-2449.365	72.42109	2.286737	0.09023942	1.07789
4266	-2376.692	-2449.168	72.47622	1.918249	0.09023942	1.345423
4272	-2368.887	-2438.224	69.3368	1.128403	0.168319	3.662174
4278	-2365.665	-2435.939	70.27331	1.402609	0.2001428	2.888219
4284	-2368.292	-2438.771	70.47889	1.388638	0.1416803	2.888219
4290	-2361.275	-2432.659	71.38387	1.288594	0.2255881	2.222209
4296	-2355.307	-2426.531	71.22368	1.358892	0.1950417	2.336599
4302	-2356.981	-2427.864	70.88266	1.525742	0.1723011	2.491467
4308	-2358.853	-2429.509	70.65582	1.437632	0.1723011	2.686653
4314	-2361.522	-2432.692	71.16987	1.403482	0.273127	2.205739
4320	-2363.836	-2435.755	71.91934	1.737634	0.1750576	1.659557
4326	-2362.579	-2434.396	71.81677	1.72391	0.2267369	1.632229
4332	-2365.568	-2437.566	71.99802	1.799616	0.1649837	1.581705
4338	-2358.306	-2430.424	72.11838	1.628747	0.1998817	1.53789
4344	-2369.375	-2441.722	72.34739	1.747109	0.1520113	1.391177
4350	-2362.892	-2432.884	69.99196	1.473595	0.1725556	3.066267
4356	-2351.474	-2422.387	70.91355	1.325997	0.1734893	2.59416
4362	-2354.894	-2425.301	70.40645	1.539746	0.1735281	2.774348
4368	-2361.651	-2431.922	70.27033	1.061088	0.2465187	3.017328
4374	-2363.848	-2434.036	70.18805	1.495469	0.1428133	2.996603
4380	-2365.371	-2434.839	69.46856	1.11089	0.2003834	3.53748
4386	-2358.963	-2427.674	68.71152	1.24445	0.1945117	3.907845
4392	-2366.655	-2437.66	71.00507	1.267471	0.2431103	2.446403
4398	-2366.553	-2438.099	71.54537	1.352328	0.2039098	2.116233
4404	-2369.261	-2440.12	70.85877	1.243581	0.137737	2.754219
4410	-2360.21	-2431.846	71.63562	1.710801	0.1637864	1.901334
4416	-2353.573	-2425.053	71.47986	1.314351	0.1814035	2.228111
4422	-2355.366	-2427.213	71.84618	1.270876	0.1642737	2.053761
4428	-2361.026	-2432.906	71.88001	1.434909	0.3593713	1.56643
4434	-2357.985	-2430	72.01471	1.594665	0.2479021	1.540344
4440	-2361.344	-2434.039	72.69484	1.684637	0.1760767	1.083473
4446	-2352.406	-2424.717	72.31093	1.555568	0.2167678	1.410243
4452	-2366.291	-2438.447	72.15583	1.67804	0.2065448	1.457973
4458	-2359.721	-2432.018	72.29668	1.651338	0.2136781	1.353289
4464	-2359.515	-2431.277	71.76218	1.456374	0.327077	1.685818
4470	-2357.165	-2429.026	71.86113	1.459555	0.1583582	1.931139
4476	-2353.065	-2425.243	72.17786	1.532672	0.1588412	1.659644
4482	-2355.103	-2427.075	71.97141	1.605832	0.159212	1.753025
4488	-2372.154	-2443.878	71.72369	1.657368	0.2965667	1.619041
4494	-2362.817	-2433.353	70.53629	1.350027	0.140391	2.879676
4500	-2353.812	-2423.694	69.88106	1.254788	0.1501616	3.306623
4506	-2359.343	-2430.244	70.90022	1.392202	0.2719758	2.387152
4512	-2358.651	-2430.42	71.76929	1.413013	0.2509859	1.838246
4518	-2357.89	-2430.211	72.32153	1.873572	0.1940544	1.197675
4524	-2353.04	-2425.288	72.24719	1.848252	0.145607	1.407984
4530	-2368.913	-2440.88	71.96753	1.666098	0.2533808	1.511678
4536	-2358.085	-2428.899	70.81414	1.336022	0.2795521	2.465018
4542	-2359.812	-2429.852	70.04041	1.195967	0.3297586	2.954496
4548	-2354.805	-2425.542	70.73717	1.254936	0.2308662	2.641522
4554	-2356.823	-2427.627	70.80478	1.295341	0.1934803	2.641522
4560	-2349.031	-2420.377	71.34586	1.461786	0.2146009	2.154713
4566	-2351.413	-2422.358	70.94515	1.388923	0.2061958	2.472468
4572	-2354.878	-2426.25	71.37268	1.474512	0.194492	2.167578
4578	-2358.956	-2430.448	71.49154	1.586259	0.2507113	1.910008
4584	-2353.218	-2424.548	71.32981	1.340833	0.218756	2.235752
4590	-2353.715	-2425.234	71.51874	1.450936	0.2859075	1.923555
4596	-2347.734	-2418.894	71.15919	1.382921	0.1947915	2.362778
4602	-2356.589	-2428.538	71.94842	1.449236	0.1766077	1.837704
4608	-2353.31	-2425.225	71.91528	1.660177	0.1200578	1.852957
4614	-2361.098	-2432.125	71.02704	1.42655	0.2507972	2.319017
4620	-2358.795	-2428.902	70.10726	1.327627	0.1795541	3.071152
4626	-2347.869	-2418.078	70.20922	1.255866	0.1795541	3.053107
4632	-2350.3	-2420.665	70.36472	1.233747	0.1650236	3.001536
4638	-2347.187	-2417.824	70.63647	1.20908	0.1676472	2.847261
4644	-2353.009	-2423.008	69.9985	1.209721	0.1693726	3.225438
4650	-2359.144	-2429.631	70.48754	1.209721	0.267362	2.76372
4656	-2351.619	-2422.307	70.688	1.202782	0.1828542	2.78998
4662	-2352.18	-2423.371	71.19161	1.259067	0.2103878	2.391376
4668	-2355.381	-2425.753	70.37219	0.9618306	0.2037887	3.08704
4674	-2355.487	-2425.174	69.68775	1.025775	0.2390378	3.39523
4680	-2351.009	-2421.217	70.20752	1.214072	0.2390378	2.975159
4686	-2351.923	-2421.329	69.40544	1.05324	0.3455375	3.395948
4692	-2351.154	-2422.223	71.06909	1.24863	0.3070147	2.318023
4698	-2361.201	-2432.068	70.86688	1.267595	0.2273618	2.559372
4704	-2364.935	-2435.535	70.60036	1.280663	0.2081645	2.749153
4710	-2360.233	-2430.706	70.4729	1.260011	0.2323205	2.797879
4716	-2357.55	-2428.031	70.48168	1.604858	0.172591	2.690323
4722	-2362.016	-2432.786	70.76907	1.290991	0.2862712	2.511225
4728	-2359.174	-2430.373	71.19833	1.445954	0.1845448	2.31789
4734	-2365.39	-2436.257	70.86694	1.207507	0.22301	2.604113
4740	-2356.643	-2427.402	70.75817	1.312607	0.1705297	2.70412
4746	-2353.304	-2423.91	70.60569	1.339205	0.2209885	2.687484
4752	-2351.812	-2422.011	70.19821	1.098296	0.294829	2.966055
4758	-2358.738	-2428.33	69.59213	1.256799	0.224883	3.338462
4764	-2352.379	-2423.241	70.86182	1.329679	0.3183716	2.381824
4770	-2352.842	-2423.844	71.00249	1.361528	0.2180828	2.432108
4776	-2356.941	-2427.828	70.88723	1.287929	0.2269714	2.534733
4782	-2368.627	-2440.558	71.93083	1.630142	0.1515837	1.782664
4788	-2371.077	-2441.804	70.72724	1.399171	0.08955629	2.857601
4794	-2358.495	-2427.633	69.1383	1.046441	0.2198576	3.733534
4800	-2357.623	-2427.348	69.72567	1.117567	0.1758709	3.4278
4806	-2359.797	-2431.022	71.22529	1.276104	0.256398	2.279197
4812	-2363.692	-2434	70.30754	1.134694	0.3060121	2.862387
4818	-2356.247	-2427.637	71.39018	1.428063	0.2146484	2.147723
4824	-2357.795	-2429.15	71.35521	1.365525	0.2327806	2.178145
4830	-2360.663	-2431.376	70.71292	1.408073	0.321832	2.421469
4836	-2357.799	-2429.005	71.20627	1.191128	0.2123237	2.421469
4842	-2360.198	-2430.565	70.36654	1.154245	0.2086712	2.966594
4848	-2356.228	-2426.911	70.68303	1.323566	0.2029143	2.681654
4854	-2360.198	-2431.191	70.99266	1.332126	0.2896236	2.339418
4860	-2354.523	-2425.297	70.77359	1.316237	0.2196126	2.600509
4866	-2370.218	-2441.479	71.26046	1.267943	0.2882526	2.211024
4872	-2357.1	-2428.242	71.14279	1.327459	0.2201071	2.361371
4878	-2355.353	-2425.4	70.04702	1.102523	0.2476006	3.124253
4884	-2364.281	-2433.371	69.09027	0.9809941	0.2735569	3.717209
4890	-2369.75	-2439.474	69.72399	1.276961	0.2097667	3.274255
4896	-2363.733	-2433.869	70.13602	1.085789	0.2515563	3.074996
4902	-2357.305	-2427.485	70.18049	1.253377	0.2259576	2.989254
4908	-2354.591	-2425.724	71.1327	1.554282	0.2015019	2.257467
4914	-2352.243	-2423.774	71.53157	1.77705	0.1470222	1.965736
4920	-2346.145	-2417.548	71.40298	1.607325	0.1366064	2.18702
4926	-2350.219	-2422.189	71.96954	1.725069	0.1911256	1.595928
4932	-2354.001	-2426.286	72.28546	1.68125	0.3061799	1.139364
4938	-2354.647	-2426.914	72.26714	1.659217	0.2503641	1.289915
4944	-2367.18	-2439.041	71.86141	1.67748	0.5153008	1.163581
4950	-2366.958	-2438.991	72.0329	1.555238	0.3035566	1.453389
4956	-2367.455	-2439.377	71.92202	1.600327	0.2832032	1.538936
4962	-2365.083	-2435.986	70.90361	1.482882	0.2072149	2.43768
4968	-2363.904	-2435.649	71.74516	1.324468	0.3021467	1.829294
4974	-2358.607	-2430.371	71.76452	1.50798	0.3400567	1.62696
4980	-2357.059	-2429.247	72.18823	1.646275	0.1864566	1.503295
4986	-2358.689	-2430.061	71.37109	1.593735	0.1772578	2.125921
4992	-2354.632	-2426.899	72.26763	1.407225	0.2265814	1.53448
4998	-2353.769	-2425.688	71.91943	1.509676	0.2022572	1.761137
5004	-2355.7	-2426.552	70.85221	1.160181	0.2022572	2.679294
5010	-2349.193	-2420.531	71.33886	1.27716	0.2631241	2.194326
5016	-2363.957	-2434.413	70.45628	1.114379	0.1975846	2.956342
5022	-2363.714	-2434.013	70.29896	1.17222	0.2322851	2.956342
5028	-2354.082	-2425.699	71.6174	1.402566	0.164252	2.117665
5034	-2357.442	-2428.114	70.67177	1.260552	0.2195845	2.697636
5040	-2360.215	-2431.016	70.8014	1.250923	0.3167307	2.471797
5046	-2360.266	-2430.707	70.44077	1.296479	0.1886266	2.872283
5052	-2347.262	-2417.223	69.96085	1.209992	0.1886266	3.211266
5058	-2352.603	-2422.828	70.22523	1.246741	0.2371035	2.947982
5064	-2357.4	-2427.429	70.02863	1.095899	0.2371035	3.155762
5070	-2357.366	-2428.073	70.70661	1.241514	0.3102198	2.546069
5076	-2357.341	-2425.374	68.03319	0.9281933	0.2785045	4.343978
5082	-2352.523	-2421.679	69.15652	0.953974	0.1891632	3.828514
5088	-2353.058	-2422.866	69.80836	1.263156	0.1891632	3.269008
5094	-2358.057	-2428.179	70.12216	1.305451	0.18187	3.071122
5100	-2364.884	-2437.3	72.41561	1.757474	0.1930541	1.219054
5106	-2366.203	-2438.528	72.32525	1.731403	0.1930541	1.315241
5112	-2363.306	-2435.468	72.16263	1.764632	0.1841725	1.438429
5118	-2365.497	-2436.803	71.30642	1.708648	0.2495256	1.95441
5124	-2360.045	-2431.806	71.76069	1.436019	0.2747474	1.786719
5130	-2356.559	-2427.853	71.29374	1.369404	0.2821058	2.133115
5136	-2358.356	-2429.535	71.17863	1.532054	0.1861589	2.272219
5142	-2363.219	-2434.478	71.25896	1.719788	0.132005	2.218475
5148	-2364.852	-2435.495	70.64309	1.283501	0.3428695	2.514599
5154	-2364.347	-2435.606	71.2585	1.320909	0.1981098	2.332714
5160	-2364.072	-2434.411	70.33897	1.132672	0.325126	2.818379
5166	-2363.131	-2433.394	70.2628	1.222345	0.2025991	2.998725
5172	-2358.341	-2429.894	71.55294	1.241021	0.2606993	2.082218
5178	-2362.866	-2433.916	71.0499	1.264019	0.2883568	2.348245
5184	-2365.048	-2434.365	69.31717	1.098408	0.2066047	3.622025
5190	-2355.422	-2427.379	71.95678	1.559674	0.1782564	1.751703
5196	-2361.294	-2433.045	71.75034	1.576723	0.2346883	1.768101
5202	-2361.842	-2432.839	70.9978	1.338874	0.219754	2.446328
5208	-2366.883	-2437.312	70.42907	1.177076	0.2915452	2.783326
5214	-2363.893	-2434.089	70.19588	1.177076	0.1610572	3.144145
5220	-2350.975	-2421.664	70.68908	1.268385	0.2432459	2.642267
5226	-2355.395	-2426.029	70.63347	1.376925	0.1981324	2.688089
5232	-2360.307	-2430.937	70.6298	1.469693	0.1697347	2.688089
5238	-2351.3	-2421.623	70.3229	1.250132	0.2651401	2.842716
5244	-2351.168	-2421.163	69.99495	1.215215	0.3075555	3.000153
5250	-2359.501	-2430.163	70.66155	1.448246	0.3281565	2.419706
5256	-2358.238	-2428.416	70.1771	1.298172	0.1622489	3.080805
5262	-2359.899	-2430.891	70.99218	1.37128	0.159455	2.546119
5268	-2365.079	-2435.909	70.83022	1.454297	0.1729343	2.567384
5274	-2361.983	-2433.268	71.28508	1.474537	0.1724515	2.268803
5280	-2363.236	-2433.614	70.37862	1.373008	0.2419158	2.770685
5286	-2364.631	-2435.499	70.86735	1.549824	0.1915121	2.447954
5292	-2368.674	-2439.699	71.02515	1.38212	0.2135461	2.413025
5298	-2361.173	-2432.612	71.43914	1.529283	0.1319309	2.225316
5304	-2352.323	-2423.639	71.31634	1.475602	0.1584021	2.278039
5310	-2359.781	-2430.354	70.57333	1.404781	0.3926241	2.41861
5316	-2360.474	-2430.99	70.51507	1.32825	0.2023674	2.782578
5322	-2361.501	-2431.967	70.46615	1.346367	0.3294923	2.603479
5328	-2362.365	-2432.298	69.93322	1.271611	0.2882586	3.030429
5334	-2358.235	-2429.595	71.36008	1.479883	0.2158617	2.131282
5340	-2358.158	-2429.932	71.7743	1.5394	0.1823076	1.882723
5346	-2364.812	-2436.8	71.98836	1.599172	0.3272188	1.412852
5352	-2359.226	-2431.751	72.52517	1.594755	0.2040508	1.236059
5358	-2359.271	-2431.077	71.80585	1.830155	0.2422947	1.531601
5364	-2351.951	-2423.575	71.62431	1.46383	0.1779952	2.043257
5370	-2355.578	-2427.128	71.55008	1.538064	0.1779952	2.043257
5376	-2362.159	-2433.529	71.37062	1.546813	0.3632247	1.842307
5382	-2355.198	-2426.435	71.23743	1.294752	0.2085639	2.343077
5388	-2360.272	-2431.639	71.36683	1.271882	0.1654669	2.360559
5394	-2356.292	-2427.471	71.17915	1.382602	0.1895123	2.360559
5400	-2354.016	-2425.598	71.58216	1.260321	0.3138636	1.965301
5406	-2360.123	-2431.107	70.98367	1.100091	0.3138636	2.45613
5412	-2359.295	-2430.346	71.05095	1.268515	0.3379218	2.272954
5418	-2364.483	-2434.308	69.82492	1.112405	0.235197	3.26967
5424	-2370.471	-2441.612	71.14091	1.418616	0.124989	2.501397
5430	-2364.597	-2435.612	71.01553	1.445857	0.2541008	2.30857
5436	-2361.458	-2432.017	70.55879	1.352224	0.1653982	2.812028
5442	-2367.108	-2438.142	71.03386	1.469515	0.3023273	2.205784
5448	-2362.77	-2433.817	71.04683	1.297267	0.1753863	2.525388
5454	-2368.812	-2439.733	70.92135	1.270379	0.1440303	2.685509
5460	-2370.378	-2441.285	70.90685	1.282537	0.1926028	2.587997
5466	-2366.487	-2437.383	70.89522	1.053901	0.2498855	2.636617
5472	-2359.809	-2428.826	69.01763	0.8662905	0.3463736	3.729253
5478	-2358.718	-2428.566	69.84804	1.173649	0.2598287	3.181406
5484	-2361.415	-2431.442	70.02697	1.152348	0.3290095	2.989784
5490	-2360.702	-2431.108	70.40582	1.014455	0.2304606	2.989943
5496	-2361.579	-2432.595	71.01521	1.139655	0.1626812	2.668433
5502	-2356.059	-2426.49	70.43129	1.091942	0.2288176	2.930725
5508	-2356.307	-2425.808	69.50117	1.11064	0.1507286	3.611787
5514	-2352.015	-2422.973	70.95779	1.232528	0.2030103	2.568
5520	-2352.451	-2423.85	71.3987	1.474357	0.1375642	2.273213
5526	-2360.442	-2431.162	70.71992	1.537751	0.1777761	2.574371
5532	-2363.128	-2433.934	70.80611	1.152187	0.214835	2.689992
5538	-2359.59	-2430.303	70.71307	1.357822	0.2222406	2.607646
5544	-2364.168	-2433.837	69.6689	1.410162	0.2009283	3.243481
5550	-2358.154	-2428.919	70.76578	1.620087	0.2588027	2.348951
5556	-2360.214	-2430.329	70.11494	1.510937	0.2387331	2.852346
5562	-2353.223	-2424.176	70.95356	1.326141	0.2504423	2.429745
5568	-2353.104	-2424.163	71.05894	1.393956	0.25502	2.312473
5574	-2357.339	-2428.14	70.80117	1.287477	0.2726853	2.51406
5580	-2352.873	-2423.309	70.43646	1.467884	0.1873514	2.77315
5586	-2353.487	-2424.796	71.3089	1.427559	0.1656114	2.29802
5592	-2351.07	-2421.145	70.07526	1.250177	0.2316708	3.044794
5598	-2350.711	-2421.07	70.35907	1.211685	0.1634282	3.02134
5604	-2351.01	-2421.743	70.73286	1.360585	0.1805057	2.670465
5610	-2353.993	-2424.282	70.28983	1.190959	0.215569	2.978664
5616	-2368.289	-2437.791	69.50196	1.315275	0.2903013	3.257994
5622	-2361.844	-2431.399	69.55455	1.186962	0.2225129	3.405417
5628	-2369.727	-2438.471	68.74402	1.055661	0.1954532	3.995676
5634	-2355.596	-2426.032	70.43602	1.307754	0.2659304	2.737493
5640	-2356.627	-2426.995	70.36778	1.201775	0.2166061	2.923442
5646	-2361.684	-2432.515	70.83068	1.404863	0.2496972	2.458725
5652	-2359.598	-2430.99	71.39178	1.512403	0.1815038	2.156672
5658	-2359.929	-2431.483	71.55421	1.487967	0.1815038	2.066261
5664	-2363.674	-2432.95	69.27525	1.203898	0.1768663	3.638002
5670	-2359.997	-2430.618	70.62067	1.242247	0.1531906	2.866368
5676	-2358.346	-2427.384	69.03861	1.152606	0.2707652	3.651819
5682	-2354.956	-2426.47	71.51471	1.274899	0.1702505	2.254157
5688	-2356.203	-2427.602	71.39835	1.416466	0.298406	2.007547
5694	-2354.951	-2426.133	71.18195	1.366031	0.1828384	2.382451
5700	-2363.792	-2436.032	72.23961	1.760591	0.1493058	1.470931
5706	-2360.138	-2431.326	71.18796	1.440267	0.1892707	2.318766
5712	-2357.12	-2426.878	69.75811	1.206437	0.2653784	3.206939
5718	-2360.29	-2430.837	70.54777	1.188215	0.1624403	2.924008
5724	-2355.161	-2425.369	70.20761	1.293356	0.3510964	2.766415
5730	-2368.512	-2440.062	71.55047	1.497764	0.3118752	1.828646
5736	-2371.09	-2442.811	71.72153	1.523425	0.1820583	1.929851
5742	-2350.858	-2422.481	71.62335	1.53149	0.2361644	1.883944
5748	-2355.735	-2426.307	70.57203	1.508959	0.1902875	2.659338
5754	-2365.523	-2435.562	70.03891	1.548407	0.1996774	2.942533
5760	-2363.393	-2434.816	71.42388	1.512902	0.375974	1.811141
5766	-2359.36	-2430.005	70.64559	1.391367	0.1925565	2.682144
5772	-2367.001	-2438.654	71.65276	1.56903	0.2092242	1.889814
5778	-2367.189	-2437.756	70.56669	1.56639	0.1538161	2.700376
5784	-2361.599	-2431.469	69.87015	1.248121	0.1470936	3.323331
5790	-2361.933	-2431.597	69.66403	1.081301	0.3143954	3.267457
5796	-2355.529	-2426.604	71.07425	1.436802	0.2078556	2.357807
5802	-2359.674	-2429.856	70.1827	1.209472	0.2415747	2.988748
5808	-2367.498	-2438.708	71.20957	1.263327	0.2415747	2.32222
5814	-2364.605	-2435.022	70.41744	1.481101	0.2087737	2.73735
5820	-2365.862	-2435.678	69.81621	1.221831	0.2804559	3.141176
5826	-2364.576	-2435.083	70.50678	1.539872	0.2804559	2.528357
5832	-2361.135	-2432.786	71.6509	1.551414	0.3354496	1.684357
5838	-2352.273	-2423.075	70.80162	1.317059	0.1927287	2.631486
5844	-2354.107	-2425.938	71.83153	1.424026	0.230169	1.826195
5850	-2354.333	-2425.832	71.49882	1.264484	0.3105196	2.023209
5856	-2349.536	-2421.009	71.47293	1.452139	0.3497783	1.856252
5862	-2351.217	-2422.447	71.22981	1.538115	0.1920562	2.223703
5868	-2353.049	-2424.434	71.38458	1.409797	0.3238387	1.982552
5874	-2365.416	-2437.284	71.86809	1.531147	0.2111057	1.763878
5880	-2356.807	-2428.97	72.16281	1.522194	0.2158187	1.549392
5886	-2365.055	-2436.864	71.80894	1.630171	0.3776961	1.445499
5892	-2362.016	-2434.085	72.06883	1.667463	0.2531015	1.434507
5898	-2362.542	-2434.25	71.70846	1.527096	0.2483633	1.806279
5904	-2361.392	-2432.494	71.10207	1.493323	0.1858375	2.346432
5910	-2358.618	-2429.369	70.75075	1.614754	0.1884055	2.486349
5916	-2353.576	-2424.901	71.32499	1.619344	0.2560503	1.990444
5922	-2358.166	-2429.547	71.38117	1.467878	0.1807862	2.19394
5928	-2349.821	-2421.366	71.5455	1.536272	0.2320139	1.941056
5934	-2351.161	-2422.769	71.60735	1.643961	0.2222943	1.844149
5940	-2355.712	-2427.523	71.81097	1.840049	0.2222943	1.56092
5946	-2357.823	-2429.68	71.85752	1.734986	0.1859057	1.681025
5952	-2362.662	-2434.296	71.63357	1.847121	0.1967535	1.736553
5958	-2361.695	-2433.567	71.87194	1.780851	0.3058109	1.399606
5964	-2358.161	-2429.456	71.29495	1.712872	0.1740202	2.104591
5970	-2364.404	-2436.119	71.71458	1.355056	0.1617012	2.090699
5976	-2368.642	-2440.516	71.87438	1.441455	0.1924971	1.859699
5982	-2361.476	-2433.143	71.66638	1.371763	0.296643	1.859699
5988	-2361.931	-2432.486	70.55565	1.355697	0.3791696	2.477259
5994	-2366.45	-2437.534	71.08458	1.446177	0.1983028	2.363256
6000	-2369.513	-2440.821	71.30805	1.280027	0.1908038	2.341321
6006	-2365.962	-2437.836	71.87387	1.502013	0.1908038	1.822037
6012	-2365.446	-2436.649	71.203	1.397587	0.175935	2.363033
6018	-2368.695	-2439.539	70.84463	1.5406	0.175935	2.498603
6024	-2365.923	-2437.905	71.98182	1.58102	0.3554709	1.384955
6030	-2361.647	-2433.332	71.68526	1.62579	0.2618921	1.729292
6036	-2357.719	-2430.185	72.46565	1.656929	0.1944847	1.257751
6042	-2351.523	-2423.363	71.83979	1.477547	0.3814825	1.531504
6048	-2353.121	-2424.62	71.4988	1.42467	0.3883847	1.803297
6054	-2356.382	-2427.893	71.51114	1.41846	0.3516764	1.850417
6060	-2351.724	-2423.452	71.72797	1.450408	0.4263505	1.570621
6066	-2358.249	-2428.971	70.72192	1.155088	0.2755212	2.641007
6072	-2358.271	-2429.089	70.81809	1.493427	0.1912204	2.514677
6078	-2357.133	-2427.851	70.71801	1.221162	0.3236134	2.532894
6084	-2362.68	-2433.227	70.54697	1.221963	0.4672963	2.463866
6090	-2356.515	-2427.904	71.38917	1.460197	0.1967167	2.161785
6096	-2358.066	-2429.439	71.37276	1.385274	0.1983381	2.217803
6102	-2363.335	-2434.502	71.16758	1.528143	0.4065686	1.934751
6108	-2363.157	-2434.225	71.06868	1.31768	0.3288756	2.242634
6114	-2358.249	-2429.771	71.52219	1.494797	0.3614201	1.776081
6120	-2359.267	-2430.264	70.99729	1.359377	0.279697	2.334358
6126	-2361.568	-2432.542	70.97436	1.367762	0.2444028	2.400403
6132	-2358.151	-2428.102	69.95095	1.346621	0.2570355	3.021206
6138	-2363.185	-2433.303	70.11717	1.116683	0.2035974	3.147029
6144	-2353.528	-2423.861	70.3331	1.075992	0.261512	2.947354
6150	-2354.741	-2424.127	69.38551	1.150188	0.2529829	3.47774
6156	-2354.705	-2425.419	70.71461	1.266085	0.2317157	2.647121
6162	-2357.139	-2427.352	70.21255	1.138796	0.2764587	2.959643
6168	-2358.14	-2428.391	70.25084	1.289695	0.2058709	2.959643
6174	-2362.675	-2432.023	69.34793	1.12722	0.1772959	3.639525
6180	-2359.931	-2429.243	69.31239	1.347921	0.1613608	3.562404
6186	-2359.169	-2428.81	69.64113	1.299844	0.275731	3.205644
6192	-2352.456	-2423.172	70.71552	1.398501	0.260146	2.517884
6198	-2350.837	-2420.768	69.93063	1.313231	0.2081664	3.133092
6204	-2361.721	-2432.016	70.29516	1.235051	0.2226001	2.936942
6210	-2361.143	-2431.639	70.49553	1.253647	0.3140786	2.663754
6216	-2355.514	-2425.439	69.92486	1.372434	0.2059489	3.105141
6222	-2354.818	-2426.091	71.27312	1.377237	0.3056724	2.105059
6228	-2360.122	-2431.583	71.46048	1.509438	0.1857305	2.105059
6234	-2359.25	-2429.734	70.48449	1.458333	0.1857305	2.752735
6240	-2357.372	-2429.39	72.01851	1.537125	0.2611273	1.554784
6246	-2355.471	-2427.28	71.80911	1.429797	0.2611273	1.781097
6252	-2362.242	-2433.648	71.40674	1.301254	0.2189738	2.211262
6258	-2362.034	-2433.007	70.97307	1.110636	0.2602412	2.53663
6264	-2355.972	-2426.061	70.08876	1.268153	0.2274154	3.032967
6270	-2356.992	-2427.84	70.84818	1.313764	0.1891055	2.611632
6276	-2357.085	-2427.202	70.11696	1.126178	0.2404346	3.079793
6282	-2357.389	-2428.889	71.49983	1.40349	0.2427833	2.040813
6288	-2366.598	-2437.492	70.89381	1.310027	0.2427833	2.490028
6294	-2369.171	-2439.192	70.02064	1.183594	0.3229922	2.9828
6300	-2360.741	-2431.028	70.28774	1.218834	0.3873594	2.717869
6306	-2359.356	-2429.54	70.18436	1.129444	0.1924661	3.119369
6312	-2369.535	-2439.181	69.64604	1.243665	0.2944349	3.209338
6318	-2364.035	-2434.099	70.06381	1.21193	0.2054251	3.118899
6324	-2361.638	-2431.852	70.21456	1.074397	0.2060535	3.10993
6330	-2359.73	-2428.924	69.19426	0.9470836	0.3545833	3.570093
6336	-2358.686	-2427.929	69.24324	1.069511	0.2225226	3.655167
6342	-2354.278	-2423.863	69.58549	1.064134	0.230676	3.445948
6348	-2364.634	-2435.229	70.59495	1.282686	0.1926043	2.779576
6354	-2363.801	-2434.258	70.45753	1.24344	0.1426722	2.986431
6360	-2360.642	-2431.776	71.13381	1.41052	0.1487348	2.456235
6366	-2356.052	-2425.805	69.75312	1.336647	0.1716416	3.291016
6372	-2357.414	-2427.246	69.83241	1.131341	0.2128006	3.291016
6378	-2361.773	-2431.618	69.84463	1.049372	0.2378371	3.291016
6384	-2358.082	-2428.343	70.26054	1.16889	0.1859172	3.062451
6390	-2355.655	-2425.438	69.7826	1.1789	0.2262675	3.26987
6396	-2359.68	-2430.304	70.62345	1.1789	0.2654031	2.702422
6402	-2363.458	-2434.937	71.47837	1.771932	0.1452277	2.008952
6408	-2363.51	-2435.915	72.40551	1.786655	0.2151969	1.145836
6414	-2354.029	-2424.858	70.82847	1.495175	0.1693332	2.550379
6420	-2352.641	-2424.416	71.77524	1.47033	0.234591	1.82475
6426	-2355.988	-2427.303	71.3153	1.423577	0.2124773	2.203302
6432	-2357.191	-2428.862	71.67072	1.356709	0.1714738	2.097152
6438	-2365.9	-2437.975	72.07503	1.580277	0.2765013	1.451308
6444	-2362.398	-2434.392	71.9944	1.5225	0.2679075	1.570684
6450	-2368.892	-2440.567	71.67471	1.512294	0.2679075	1.805221
6456	-2366.948	-2438.791	71.84297	1.659812	0.3057526	1.513942
6462	-2357.295	-2427.831	70.53587	1.358556	0.2098479	2.737959
6468	-2352.596	-2422.898	70.30125	1.358556	0.2200805	2.862932
6474	-2350.24	-2421.388	71.14754	1.356125	0.2200805	2.340198
6480	-2348.485	-2419.569	71.08351	1.477265	0.199639	2.341655
6486	-2355.256	-2426.472	71.21571	1.492972	0.1883825	2.269079
6492	-2365.416	-2435.411	69.99498	1.138818	0.2857674	3.07647
6498	-2356.043	-2426.536	70.4939	1.136293	0.3378174	2.704653
6504	-2359.644	-2429.91	70.26574	1.280584	0.3658851	2.719923
6510	-2358.861	-2429.879	71.01792	1.207491	0.1929684	2.564955
6516	-2356.938	-2426.537	69.5991	1.122057	0.260816	3.357325
6522	-2357.072	-2428.063	70.99109	1.177789	0.3012464	2.420791
6528	-2355.483	-2425.776	70.29287	1.209691	0.3265821	2.797619
6534	-2359.896	-2428.792	68.89598	1.161691	0.166458	3.900545
6540	-2354.249	-2423.278	69.02931	0.9396832	0.3903797	3.628124
6546	-2355.017	-2424.838	69.82063	0.9584324	0.2530383	3.335038
6552	-2355.243	-2425.62	70.37778	1.2288	0.3617426	2.68818
6558	-2356.49	-2426.368	69.87782	1.176698	0.2864534	3.122751
6564	-2361.933	-2431.335	69.40177	1.055473	0.2911382	3.468263
6570	-2361.581	-2430.548	68.96745	0.9530228	0.2185198	3.887806
6576	-2363.355	-2432.884	69.52933	1.070809	0.22084	3.490843
6582	-2353.29	-2423.347	70.05674	1.180696	0.249439	3.068969
6588	-2354.424	-2425.344	70.92038	1.256119	0.1801199	2.62001
6594	-2354.687	-2425.008	70.32157	1.233862	0.2698687	2.846209
6600	-2364.452	-2434.321	69.86837	1.201954	0.2986712	3.096095
6606	-2363.524	-2433.519	69.99436	1.099451	0.1695608	3.292643
6612	-2361.286	-2432.339	71.053	1.197022	0.2270207	2.487911
6618	-2364.878	-2435.216	70.33804	1.155721	0.3881557	2.724754
6624	-2362.699	-2432.179	69.48078	1.085694	0.3881557	3.281336
6630	-2356.295	-2427.048	70.75329	1.231558	0.2753977	2.574486
6636	-2358.95	-2429.443	70.49296	1.298191	0.1703509	2.874834
6642	-2353.833	-2424.294	70.46109	1.032507	0.3019343	2.836953
6648	-2355.011	-2425.791	70.78004	1.19047	0.2486205	2.625461
6654	-2357.099	-2426.85	69.75034	1.039136	0.25035	3.333024
6660	-2354.153	-2424.002	69.8496	1.0403	0.2031694	3.351046
6666	-2358.671	-2428.239	69.56771	1.108355	0.2031694	3.476314
6672	-2357.344	-2428.072	70.72713	1.142243	0.217807	2.739292
6678	-2362.158	-2432.368	70.21081	1.034198	0.2944216	2.997572
6684	-2374.137	-2444.505	70.36727	1.172056	0.218708	2.938065
6690	-2361.909	-2433.597	71.68801	1.484739	0.2381705	1.868043
6696	-2362.523	-2433.885	71.36234	1.421528	0.2217255	2.157025
6702	-2368.09	-2438.602	70.51277	1.366735	0.3306115	2.560421
6708	-2364.379	-2434.866	70.48693	1.40268	0.1407022	2.876997
6714	-2371.066	-2441.774	70.70736	1.589027	0.220707	2.469925
6720	-2358.144	-2429.209	71.06487	1.518932	0.1966713	2.332679
6726	-2355.909	-2426.983	71.07368	1.541293	0.1966713	2.312814
6732	-2360.393	-2432.197	71.80374	1.424379	0.2547809	1.799864
6738	-2365.462	-2437.124	71.66206	1.381273	0.2547809	1.926169
6744	-2370.325	-2440.2	69.87544	1.349045	0.2547809	3.068404
6750	-2370.092	-2441.304	71.21216	1.606435	0.2601808	2.066858
6756	-2365.365	-2436.799	71.43325	1.479369	0.2434204	2.033527
6762	-2360.995	-2432.093	71.09715	1.481998	0.2010462	2.327293
6768	-2363.384	-2433.74	70.35644	1.300298	0.1592175	2.978266
6774	-2361.504	-2432.397	70.89275	1.378036	0.2799207	2.388485
6780	-2354.881	-2425.847	70.96619	1.373359	0.240887	2.407939
6786	-2357.77	-2427.844	70.07359	1.171813	0.240887	3.077718
6792	-2363.395	-2432.496	69.1011	1.208869	0.4257876	3.390028
6798	-2363.856	-2433.686	69.82992	1.038294	0.4020475	3.086334
6804	-2357.859	-2427.53	69.67041	1.12018	0.3131651	3.242367
6810	-2359.282	-2430.087	70.80498	1.425934	0.3238587	2.349082
6816	-2365.81	-2437.15	71.34063	1.596966	0.3072843	1.91131
6822	-2364.367	-2435.83	71.46302	1.495336	0.1862895	2.111497
6828	-2368.538	-2440.37	71.83193	1.541875	0.2246628	1.754737
6834	-2358.423	-2429.654	71.23153	1.47786	0.2231083	2.202828
6840	-2358.147	-2429.614	71.4676	1.574401	0.3523349	1.771828
6846	-2354.753	-2426.524	71.77086	1.491	0.2573586	1.771828
6852	-2356.592	-2427.654	71.0623	1.345099	0.251331	2.347527
6858	-2356.179	-2426.979	70.80021	1.353833	0.2906302	2.445837
6864	-2364.901	-2436.146	71.2449	1.378498	0.1909947	2.318461
6870	-2364.763	-2435.646	70.88355	1.395116	0.1594507	2.598755
6876	-2364.138	-2435.799	71.66083	1.259654	0.3065943	1.923959
6882	-2368.733	-2439.772	71.0391	1.315731	0.2794199	2.335956
6888	-2360.074	-2431.063	70.98899	1.331455	0.1723312	2.546277
6894	-2361.522	-2431.825	70.30366	1.44087	0.2268302	2.800011
6900	-2367.804	-2437.896	70.09231	1.289312	0.2592855	2.967299
6906	-2363.167	-2434.562	71.39502	1.224655	0.2592855	2.198286
6912	-2362.376	-2433.862	71.48585	1.437967	0.3448268	1.86428
6918	-2365.958	-2437.754	71.79582	1.609549	0.3172896	1.566639
6924	-2360.003	-2430.742	70.73916	1.303391	0.1663475	2.729855
6930	-2357.033	-2429.196	72.16268	1.643242	0.1952542	1.504476
6936	-2360.264	-2432.415	72.15104	1.722756	0.2159435	1.406408
6942	-2362.898	-2434.855	71.9566	1.732535	0.2135591	1.551125
6948	-2362.496	-2434.879	72.3831	1.718319	0.2135591	1.228313
6954	-2364.167	-2436.267	72.10021	1.632651	0.2418469	1.459743
6960	-2365.985	-2438.287	72.3019	1.627094	0.1783522	1.451171
6966	-2364.019	-2435.326	71.30614	1.344967	0.2216244	2.243116
6972	-2358.718	-2429.208	70.48948	1.407754	0.2162776	2.724911
6978	-2362.585	-2433.38	70.79507	1.370303	0.1907742	2.606331
6984	-2360.831	-2432.505	71.67369	1.482751	0.2784605	1.808304
6990	-2365.121	-2437.192	72.07101	1.37552	0.3036957	1.559157
6996	-2364.471	-2435.374	70.90249	1.436857	0.214346	2.454325
7002	-2365.825	-2438.043	72.2174	1.645292	0.2707541	1.299453
7008	-2357.313	-2428.615	71.30274	1.510619	0.2251927	2.131467
7014	-2354.888	-2425.864	70.97624	1.451025	0.2174324	2.393388
7020	-2357.02	-2427.583	70.5623	1.445387	0.1761215	2.731667
7026	-2356.674	-2427.103	70.42905	1.307383	0.2726873	2.731667
7032	-2357.01	-2428.156	71.14591	1.478871	0.2951296	2.137852
7038	-2365.597	-2436.737	71.13987	1.399151	0.333017	2.137852
7044	-2370.076	-2441.7	71.62382	1.662982	0.3526712	1.597187
7050	-2376.176	-2447.614	71.43809	1.51119	0.3321342	1.865564
7056	-2380.334	-2451.848	71.51409	1.39587	0.3321342	1.892357
7062	-2366.769	-2437.617	70.84835	1.605596	0.1253736	2.566244
7068	-2351.502	-2421.072	69.57044	1.178267	0.1598374	3.513928
7074	-2360.204	-2431.256	71.05199	1.304939	0.3120883	2.285576
7080	-2354.405	-2425.634	71.2293	1.468907	0.2577581	2.14983
7086	-2363.137	-2433.792	70.6552	1.594284	0.2734556	2.411955
7092	-2354.008	-2424.999	70.99154	1.300929	0.2303871	2.455481
7098	-2359.475	-2429.577	70.10177	1.08686	0.2047721	3.171832
7104	-2357.189	-2425.981	68.79195	1.019418	0.2415898	3.913982
7110	-2357.038	-2426.686	69.64745	1.029493	0.3372252	3.278054
7116	-2355.135	-2425.401	70.26645	1.264521	0.289535	2.83197
7122	-2353.053	-2423.624	70.57098	1.050913	0.3184632	2.735806
7128	-2351.352	-2422.224	70.87208	1.418651	0.1896053	2.530734
7134	-2349.363	-2420.836	71.47298	1.399129	0.1896053	2.161095
7140	-2348.933	-2420.182	71.24954	1.409413	0.1869406	2.303759
7146	-2360.607	-2431.621	71.01428	1.118641	0.2403304	2.538372
7152	-2354.856	-2426.173	71.31687	1.508788	0.1766497	2.21759
7158	-2357.672	-2429.045	71.37288	1.303966	0.1690994	2.328693
7164	-2360.647	-2432.14	71.49331	1.348746	0.2118107	2.137518
7170	-2347.298	-2417.402	70.10432	1.315289	0.1880814	3.064304
7176	-2350.645	-2420.626	69.98136	1.34783	0.2043935	3.088852
7182	-2356.835	-2427.887	71.05228	1.384426	0.2465122	2.336923
7188	-2356.374	-2427.436	71.06265	1.477739	0.2090683	2.336923
7194	-2356.562	-2428.194	71.63123	1.249358	0.2157324	2.104933
7200	-2353.853	-2424.057	70.20452	1.275639	0.2260985	2.961197
7206	-2364.696	-2434.612	69.91625	1.305591	0.1358278	3.286298
7212	-2361.882	-2432.886	71.00431	1.338778	0.2524025	2.386523
7218	-2362.148	-2431.369	69.22065	1.166888	0.2246111	3.608416
7224	-2363.263	-2434.231	70.96782	1.281125	0.25181	2.446846
7230	-2360.68	-2431.616	70.93546	1.235036	0.224098	2.542618
7236	-2359.264	-2429.077	69.81298	1.148629	0.243803	3.241686
7242	-2356.251	-2425.911	69.65973	1.182783	0.3484022	3.165929
7248	-2362.8	-2433.49	70.69064	1.433234	0.1685202	2.67556
7254	-2373.95	-2443.896	69.94634	1.188879	0.1892817	3.23115
7260	-2363.745	-2433.316	69.57122	1.172121	0.2147895	3.417173
7266	-2357.461	-2427.065	69.60422	1.222109	0.2049991	3.385197
7272	-2360.171	-2432.048	71.87793	1.49912	0.1425291	1.930493
7278	-2352.425	-2423.806	71.38122	1.420732	0.2305426	2.129254
7284	-2359.93	-2429.481	69.55142	1.283412	0.2832142	3.25764
7290	-2365.404	-2434.824	69.41954	1.128394	0.3662135	3.318193
7296	-2361.585	-2430.242	68.6569	1.101719	0.3592671	3.785932
7302	-2358.903	-2428.887	69.98318	1.125759	0.2471694	3.14908
7308	-2362.616	-2433.001	70.38524	1.480017	0.1780017	2.814871
7314	-2363.029	-2433.974	70.94578	1.525681	0.1730244	2.450465
7320	-2374.804	-2445.011	70.20687	1.351599	0.2967418	2.804896
7326	-2380.277	-2450.585	70.30722	1.175259	0.289826	2.860958
7332	-2366.904	-2438.68	71.7761	1.493491	0.2012331	1.873286
7338	-2359.623	-2430.451	70.82878	1.460973	0.2012331	2.509376
7344	-2355.375	-2426.673	71.29823	1.2785	0.2323104	2.271851
7350	-2353.516	-2425.243	71.72671	1.757507	0.183309	1.763055
7356	-2359.681	-2431.318	71.63717	1.553532	0.487669	1.481122
7362	-2356.036	-2427.024	70.98835	1.317767	0.1740907	2.551637
7368	-2373.947	-2444.845	70.89827	1.329951	0.2818863	2.412349
7374	-2362.504	-2433.092	70.5885	1.189398	0.1954984	2.834898
7380	-2361.995	-2432.917	70.92171	1.104343	0.2071376	2.662039
7386	-2355.169	-2424.952	69.78368	1.125426	0.2564896	3.253122
7392	-2370.126	-2440.44	70.31383	1.144195	0.3100508	2.84721
7398	-2366.721	-2437.258	70.53703	1.081856	0.2254274	2.878631
7404	-2367.859	-2439.342	71.48288	1.331989	0.2502241	2.086231
7410	-2358.24	-2429.642	71.40186	1.286907	0.3014621	2.086231
7416	-2365.071	-2437.099	72.02784	1.403159	0.2312734	1.701638
7422	-2364.714	-2436.033	71.31867	1.522283	0.1464344	2.273289
7428	-2360.656	-2431.145	70.48856	1.484196	0.1847152	2.736376
7434	-2368.05	-2439.033	70.98348	1.387719	0.2325522	2.40218
7440	-2368.461	-2439.745	71.28373	1.604461	0.1395805	2.258781
7446	-2365.475	-2436.549	71.07465	1.246802	0.2168476	2.461066
7452	-2361.671	-2432.459	70.78732	1.227703	0.2356103	2.619386
7458	-2354.914	-2425.586	70.67135	1.153022	0.2356103	2.736605
7464	-2360.384	-2430.658	70.27353	1.365114	0.282629	2.77654
7470	-2355.135	-2426.151	71.01669	1.33482	0.2733245	2.347577
7476	-2354.641	-2425.759	71.11815	1.46554	0.2469142	2.242216
7482	-2368.123	-2438.512	70.3891	1.404567	0.1493881	2.916254
7488	-2356.145	-2426.386	70.24149	1.151983	0.2471947	2.979021
7494	-2360.539	-2430.339	69.79958	1.248431	0.1789557	3.301741
7500	-2360.126	-2429.991	69.86481	1.242172	0.1609666	3.301741
7506	-2364.136	-2435.096	70.96026	1.314198	0.1704213	2.578711
7512	-2363.459	-2434.263	70.80335	1.032707	0.2781478	2.662271
7518	-2369.261	-2440.967	71.70647	1.538469	0.1780779	1.93838
7524	-2370.003	-2442.062	72.05851	1.613749	0.2469215	1.495377
7530	-2358.535	-2430.282	71.74698	1.651581	0.3645743	1.496367
7536	-2356.738	-2428.522	71.78383	1.596132	0.2108795	1.77777
7542	-2362.888	-2433.345	70.45719	1.557792	0.153226	2.773876
7548	-2355.207	-2424.665	69.4578	1.211264	0.2846931	3.353191
7554	-2357.641	-2428.01	70.36949	1.211264	0.2904824	2.800332
7560	-2361.002	-2431.872	70.87029	1.327935	0.2503774	2.481009
7566	-2365.013	-2435.818	70.8056	1.232242	0.2941006	2.51346
7572	-2365.623	-2435.706	70.08328	1.357183	0.1553245	3.1156
7578	-2355.567	-2426.041	70.47338	1.18005	0.2056373	2.891974
7584	-2361.509	-2432.598	71.08901	1.268281	0.2903262	2.317659
7590	-2362.558	-2433.569	71.01053	1.264034	0.2199418	2.484953
7596	-2361.6	-2433.012	71.41219	1.426265	0.2199418	2.124693
7602	-2358.446	-2430.172	71.72596	1.560713	0.1127731	2.066308
7608	-2357.988	-2428.408	70.42002	1.305918	0.2758187	2.733361
7614	-2357.62	-2428.889	71.26866	1.414853	0.2758187	2.12983
7620	-2355.835	-2425.294	69.45939	1.093968	0.2758187	3.433708
7626	-2360.42	-2429.593	69.17358	1.140229	0.1667979	3.752575
7632	-2352.021	-2421.636	69.61484	1.160844	0.1667979	3.484591
7638	-2372.393	-2442.256	69.86316	0.9510615	0.2681739	3.291627
7644	-2366.022	-2435.301	69.27891	0.8929945	0.2465857	3.698816
7650	-2361.856	-2429.97	68.1143	0.9515727	0.2465857	4.330689
7656	-2359.586	-2429.756	70.17054	1.345351	0.1548574	3.071572
7662	-2354.775	-2425.718	70.94227	1.389339	0.1444885	2.598226
7668	-2365.299	-2436.267	70.96834	1.541787	0.1444885	2.487114
7674	-2357.146	-2428.326	71.1804	1.307684	0.1507252	2.487114
7680	-2356.769	-2427.507	70.73733	1.296639	0.2077863	2.655995
7686	-2356.207	-2427.613	71.4063	1.357451	0.3302424	1.993581
7692	-2349.413	-2420.286	70.87247	1.340515	0.2781122	2.427746
7698	-2348.147	-2419.634	71.48789	1.5333	0.1502864	2.148048
7704	-2355.667	-2427.873	72.20612	1.522795	0.1981622	1.555159
7710	-2350.928	-2422.462	71.53437	1.46332	0.1467648	2.171413
7716	-2362.161	-2432.967	70.80555	1.33876	0.2311567	2.546753
7722	-2356.241	-2426.131	69.89043	1.152096	0.263066	3.164154
7728	-2362.835	-2433.493	70.65819	1.444449	0.263066	2.520355
7734	-2360.188	-2431.145	70.95762	1.343987	0.1914822	2.520355
7740	-2358.602	-2428.326	69.72474	1.272353	0.2568952	3.200445
7746	-2357.74	-2425.975	68.23513	0.9889102	0.2473982	4.239948
7752	-2352.687	-2422.6	69.9137	1.322309	0.1446114	3.259125
7758	-2350.951	-2421.375	70.42443	1.356304	0.2735928	2.703151
7764	-2353.465	-2424.147	70.68166	1.326629	0.2735928	2.562692
7770	-2354.534	-2424.543	70.00904	1.311039	0.1884093	3.123056
7776	-2361.2	-2432.023	70.82312	1.127986	0.2890083	2.574956
7782	-2359.44	-2430.876	71.43595	1.543843	0.1532472	2.168275
7788	-2357.931	-2428.986	71.05484	1.557698	0.2714088	2.183122
7794	-2362.587	-2433.267	70.6805	1.418181	0.2364546	2.566148
7800	-2360.128	-2431.86	71.73161	1.442001	0.1808728	1.980299
7806	-2359.566	-2431.011	71.44476	1.326387	0.1882908	2.229101
7812	-2358.702	-2430.401	71.6997	1.513593	0.1757063	1.964765
7818	-2368.077	-2440.606	72.52909	1.959083	0.1296742	1.1315
7824	-2361.938	-2433.9	71.96261	1.495845	0.2103209	1.723962
7830	-2364.238	-2436.131	71.89299	1.515134	0.2001317	1.780168
7836	-2369.767	-2441.391	71.62368	1.539445	0.2497852	1.853547
7842	-2359.058	-2430.603	71.54472	1.645134	0.1541573	2.028307
7848	-2359.999	-2431.218	71.21885	1.442134	0.207013	2.263707
7854	-2362.49	-2433.302	70.81249	1.313766	0.3371509	2.39695
7860	-2360.798	-2431.653	70.855	1.313766	0.3371509	2.370052
7866	-2357.901	-2426.812	68.91148	1.115281	0.3556456	3.635328
7872	-2357.738	-2426.7	68.96163	1.466761	0.1665718	3.686818
7878	-2356.489	-2426.951	70.46212	1.678052	0.218501	2.571255
7884	-2358.103	-2428.2	70.09752	1.576927	0.1318896	3.026059
7890	-2363.676	-2435.14	71.46405	1.74045	0.1669002	1.989876
7896	-2362.823	-2434.746	71.92334	1.62616	0.2054035	1.669606
7902	-2362.853	-2434.814	71.96119	1.470896	0.1819381	1.802281
7908	-2358.219	-2430.116	71.89735	1.551723	0.2655476	1.624361
7914	-2354.178	-2424.769	70.59097	1.335266	0.220293	2.700143
7920	-2352.521	-2423.015	70.49368	1.420225	0.4256815	2.419523
7926	-2354.66	-2425.055	70.3954	1.292719	0.2492459	2.797586
7932	-2361.909	-2431.863	69.9545	1.17356	0.325601	3.025026
7938	-2367.677	-2436.176	68.49942	1.186383	0.2667012	3.948682
7944	-2362.615	-2434.126	71.5108	1.571807	0.32064	1.791259
7950	-2357.146	-2426.799	69.65345	1.018734	0.2292585	3.435027
7956	-2357.624	-2427.186	69.56164	1.132292	0.2214489	3.435027
7962	-2356.895	-2425.387	68.49191	1.028406	0.2214489	4.11175
7968	-2355.599	-2425.572	69.97279	1.025882	0.2423518	3.222042
7974	-2364.781	-2434.657	69.87682	1.199132	0.2423518	3.176247
7980	-2365.717	-2435.723	70.00521	1.22214	0.1580907	3.236448
7986	-2368.51	-2438.51	69.99961	1.22214	0.1597387	3.236448
7992	-2351.544	-2421.865	70.32079	1.211249	0.1648873	3.041604
7998	-2351.151	-2421.427	70.27532	1.249899	0.1675943	3.04031
8004	-2360.781	-2432.422	71.641	1.306891	0.1785261	2.134337
8010	-2353.488	-2424.698	71.21042	1.579149	0.2128113	2.169814
8016	-2354.47	-2425.519	71.04897	1.386553	0.1543404	2.51212
8022	-2351.676	-2422.619	70.94263	1.329266	0.2004454	2.521982
8028	-2358.099	-2428.954	70.85486	1.55099	0.1979586	2.442773
8034	-2363.808	-2434.89	71.08166	1.399066	0.1659706	2.459181
8040	-2360.693	-2431.585	70.89176	1.492247	0.1110099	2.644583
8046	-2362.701	-2433.422	70.72154	1.484975	0.1399031	2.685571
8052	-2356.555	-2426.903	70.34788	1.394593	0.1602702	2.924509
8058	-2359.127	-2428.203	69.07629	0.9781451	0.2386158	3.778865
8064	-2360.706	-2429.742	69.03615	1.203821	0.1754463	3.778865
8070	-2354.514	-2425.698	71.18376	1.428194	0.1754463	2.356824
8076	-2353.09	-2424.649	71.5589	1.598602	0.1754463	2.002616
8082	-2358.261	-2429.922	71.66068	1.30182	0.1674522	2.148258
8088	-2356.047	-2427.257	71.21028	1.261316	0.1968963	2.403367
8094	-2358.943	-2430.623	71.67994	1.464931	0.1973616	1.965459
8100	-2356.831	-2426.71	69.87899	1.472213	0.2315074	3.029641
8106	-2351.399	-2422.419	71.0206	1.465396	0.2562689	2.289267
8112	-2359.196	-2430.835	71.63911	1.421042	0.236317	1.947726
8118	-2355.13	-2425.245	70.11487	1.233603	0.210742	3.066258
8124	-2360.894	-2431.575	70.68098	1.425517	0.2365747	2.561089
8130	-2364.244	-2436.017	71.77296	1.603939	0.14441	1.926044
8136	-2360.487	-2432.297	71.80983	1.429958	0.2067559	1.882476
8142	-2356.509	-2427.466	70.9567	1.422823	0.2057755	2.444717
8148	-2360.245	-2430.589	70.34457	1.328218	0.1375611	3.01447
8154	-2355.761	-2425.484	69.7233	1.306682	0.1861269	3.299057
8160	-2356.156	-2425.692	69.53574	1.34756	0.1334161	3.490123
8166	-2358.579	-2428.949	70.37029	1.642426	0.1334161	2.818559
8172	-2365.837	-2435.897	70.05957	1.192607	0.1779438	3.182951
8178	-2355.096	-2426.609	71.51286	1.417281	0.2371405	2.033061
8184	-2359.098	-2430.541	71.4429	1.32167	0.2468846	2.124957
8190	-2365.385	-2436.67	71.2853	1.501022	0.2387107	2.124957
8196	-2358.312	-2429.619	71.30773	1.251596	0.2153405	2.313327
8202	-2359.005	-2429.464	70.45825	1.290318	0.2446498	2.768118
8208	-2366.01	-2437.489	71.4797	1.524976	0.174079	2.106529
8214	-2362.706	-2433.392	70.68616	1.121798	0.1432251	2.920839
8220	-2369.6	-2439.672	70.07216	1.202544	0.1432251	3.239188
8226	-2372.79	-2442.053	69.26327	1.213242	0.2219831	3.560995
8232	-2366.973	-2438.099	71.12557	1.349887	0.2068697	2.382191
8238	-2368.553	-2439.924	71.37073	1.373344	0.204498	2.214982
8244	-2368.245	-2439.587	71.34222	1.493204	0.2231619	2.120748
8250	-2374.648	-2446.222	71.57416	1.647819	0.2627283	1.790028
8256	-2374.645	-2446.846	72.20125	1.767254	0.2964026	1.157894
8262	-2362.671	-2434.667	71.9963	1.871212	0.1354465	1.606229
8268	-2361.099	-2432.968	71.86883	1.785835	0.2470864	1.508244
8274	-2359.924	-2431.912	71.98783	1.669815	0.2180677	1.564822
8280	-2351.919	-2424.074	72.15561	1.542836	0.1498901	1.690281
8286	-2356.31	-2427.41	71.0999	1.67815	0.1482295	2.30946
8292	-2351.944	-2423.481	71.53682	1.392985	0.2324504	2.041724
8298	-2365.34	-2437.082	71.74208	1.500956	0.2812481	1.743306
8304	-2363.636	-2435.286	71.65053	1.479435	0.3303291	1.743306
8310	-2355.467	-2426.905	71.43802	1.262611	0.2510049	2.159618
8316	-2361.959	-2432.984	71.0256	1.081204	0.2913448	2.474411
8322	-2352.755	-2424.142	71.38727	1.421277	0.1688793	2.244879
8328	-2346.612	-2417.788	71.17591	1.275258	0.28043	2.272863
8334	-2350.78	-2421.543	70.76268	1.347111	0.2462223	2.543024
8340	-2360.46	-2431.546	71.08595	1.107754	0.2455086	2.491841
8346	-2355.228	-2424.553	69.32479	1.166167	0.2952879	3.442823
8352	-2360.603	-2428.573	67.96957	1.134073	0.2311121	4.332855
8358	-2355.802	-2426.337	70.5349	1.170017	0.2311121	2.816925
8364	-2359.391	-2429.729	70.33721	1.367706	0.2311121	2.816925
8370	-2360.792	-2432.873	72.08103	1.405037	0.2070877	1.711133
8376	-2354.915	-2426.811	71.89574	1.647713	0.1625215	1.768819
8382	-2361.088	-2432.687	71.59897	1.650751	0.1569819	1.981958
8388	-2364.067	-2435.664	71.59714	1.51478	0.1187089	2.165254
8394	-2371.915	-2442.622	70.70654	1.108191	0.1904304	2.821915
8400	-2374.761	-2446.297	71.53565	1.453856	0.3484132	1.813946
8406	-2358.777	-2429.615	70.83841	1.352029	0.2029658	2.568005
8412	-2360.429	-2431.21	70.78108	1.29414	0.1676032	2.707289
8418	-2356.908	-2427.285	70.3777	1.346764	0.2976326	2.702201
8424	-2363.228	-2434.696	71.46793	1.37488	0.1809831	2.19758
8430	-2369.318	-2439.5	70.18239	1.139731	0.41763	2.795036
8436	-2360.649	-2431.702	71.05302	1.361207	0.2099783	2.415141
8442	-2360.958	-2432.763	71.80542	1.352647	0.2841048	1.797696
8448	-2357.667	-2428.389	70.72185	1.213796	0.2257736	2.684937
8454	-2362.776	-2433.917	71.14167	1.48941	0.2954213	2.133292
8460	-2362.225	-2433.679	71.45378	1.361106	0.2629776	2.064613
8466	-2363.008	-2434.498	71.49086	1.334262	0.2629776	2.057861
8472	-2356.209	-2427.557	71.34827	1.471449	0.2094133	2.156602
8478	-2356.277	-2427.383	71.1062	1.468245	0.2094133	2.314588
8484	-2355.686	-2426.2	70.51361	1.299988	0.2244019	2.762027
8490	-2350.495	-2420.766	70.2713	1.258826	0.2244019	2.933954
8496	-2358.154	-2429.053	70.89927	1.213595	0.3013091	2.455935
8502	-2363.305	-2434.932	71.62731	1.609107	0.1758636	1.948895
8508	-2360.153	-2432.349	72.19673	1.602065	0.242412	1.407965
8514	-2362.767	-2433.735	70.96737	1.461164	0.2691752	2.305087
8520	-2364.196	-2435.121	70.92476	1.533533	0.34415	2.174793
8526	-2356.455	-2428.304	71.84866	1.503492	0.1570935	1.912791
8532	-2350.438	-2422.401	71.96307	1.631169	0.1994004	1.65034
8538	-2357.846	-2429.702	71.85638	1.506918	0.270443	1.677096
8544	-2353.127	-2424.714	71.58759	1.543856	0.3006766	1.788939
8550	-2350.019	-2421.541	71.52278	1.446079	0.1864095	2.104373
8556	-2354.992	-2426.325	71.33295	1.367051	0.1518242	2.351127
8562	-2365.656	-2437.019	71.36311	1.310751	0.1518242	2.367707
8568	-2359.253	-2430.233	70.97942	1.36768	0.1518242	2.572583
8574	-2366.238	-2437.329	71.09123	1.383689	0.1817059	2.430815
8580	-2361.233	-2432.208	70.9748	1.442333	0.2005393	2.430815
8586	-2368.355	-2438.6	70.24464	1.325652	0.3277299	2.754769
8592	-2358.089	-2429.553	71.4637	1.473446	0.224394	2.051587
8598	-2366.575	-2438.708	72.13358	1.613621	0.2755743	1.382053
8604	-2359.663	-2431.516	71.8532	1.67833	0.1314274	1.853217
8610	-2352.262	-2424.466	72.20398	1.716351	0.186124	1.439071
8616	-2356.474	-2428.712	72.23888	1.716351	0.186124	1.412194
8622	-2351.549	-2423.841	72.29189	1.716351	0.1453094	1.475549
8628	-2354.271	-2426.369	72.09755	1.565628	0.1302627	1.765271
8634	-2356.244	-2428.283	72.03878	1.58475	0.2190559	1.587753
8640	-2367.858	-2437.921	70.06324	1.181602	0.2925648	3.000301
8646	-2366.428	-2436.442	70.01366	1.274791	0.1904045	3.138213
8652	-2359.639	-2429.928	70.28856	1.368354	0.1904045	2.917524
8658	-2370.426	-2440.54	70.11409	1.293953	0.161385	3.122617
8664	-2362.756	-2432.834	70.07841	1.314805	0.165815	3.122617
8670	-2365.633	-2435.851	70.21763	1.312759	0.3758554	2.717297
8676	-2359.478	-2430.701	71.22372	1.563642	0.1757251	2.244179
8682	-2355.035	-2427.025	71.99049	1.537312	0.1757251	1.749436
8688	-2356.1	-2427.352	71.25137	1.595661	0.2572307	2.053065
8694	-2363.73	-2434.755	71.02426	1.556859	0.1543647	2.420756
8700	-2371.916	-2443.235	71.31881	1.541741	0.3442884	1.908102
8706	-2363.995	-2435.849	71.85436	1.761333	0.1236082	1.815815
8712	-2357.793	-2429.936	72.14353	1.572285	0.1873152	1.589044
8718	-2356.638	-2428.639	72.00117	1.580116	0.2336277	1.589044
8724	-2363.182	-2435.303	72.12178	1.504979	0.2848867	1.457524
8730	-2367.11	-2438.925	71.81509	1.670239	0.1947197	1.737616
8736	-2369.141	-2441.403	72.26229	1.614741	0.1803729	1.485699
8742	-2358.53	-2430.737	72.20735	1.76695	0.1511196	1.485699
8748	-2365.854	-2437.727	71.87375	1.677162	0.3159923	1.460116
8754	-2369.356	-2442.01	72.65358	2.00568	0.1332754	0.9537675
8760	-2367.95	-2438.822	70.8727	1.459681	0.2628088	2.376406
8766	-2360.597	-2431.488	70.89076	1.457518	0.2268046	2.426612
8772	-2356.304	-2426.842	70.53854	1.584989	0.244443	2.5374
8778	-2348.737	-2419.27	70.53267	1.400805	0.244443	2.655095
8784	-2351.747	-2422.58	70.83308	1.353012	0.244443	2.498364
8790	-2357.332	-2428.611	71.27882	1.54991	0.2916482	2.008878
8796	-2358.907	-2430.104	71.19665	1.502015	0.1585161	2.337334
8802	-2362.612	-2434.094	71.4819	1.764937	0.4031822	1.552313
8808	-2358.286	-2430.212	71.92589	1.832218	0.1898302	1.552313
8814	-2358.942	-2430.504	71.56256	1.557919	0.2437343	1.893512
8820	-2354.154	-2425.3	71.14618	1.211792	0.2437343	2.391508
8826	-2354.919	-2426.334	71.41522	1.251033	0.1965249	2.280326
8832	-2354.268	-2425.064	70.79612	1.325886	0.2281949	2.565683
8838	-2368.819	-2440.133	71.31369	1.325886	0.1386979	2.418953
8844	-2365.214	-2435.218	70.00371	1.006548	0.2830591	3.153935
8850	-2370.156	-2442.282	72.12567	1.474392	0.2024539	1.639618
8856	-2354.887	-2425.57	70.68281	1.33521	0.166763	2.744017
8862	-2350.387	-2420.781	70.39332	1.141208	0.1896711	2.992538
8868	-2351.182	-2421.895	70.71293	1.341445	0.2711671	2.537772
8874	-2360.47	-2431.99	71.51969	1.423859	0.2951149	1.926413
8880	-2357.917	-2428.988	71.07105	1.187719	0.2626375	2.42317
8886	-2360.056	-2431.028	70.97237	1.476826	0.1595358	2.492462
8892	-2357.357	-2428.303	70.94677	1.466184	0.1334643	2.572719
8898	-2360.133	-2431.755	71.62238	1.692993	0.2274253	1.790084
8904	-2364.817	-2436.446	71.62935	1.395897	0.1838084	2.072641
8910	-2360.394	-2431.087	70.69344	1.255353	0.2152619	2.695078
8916	-2360.4	-2430.801	70.40011	1.268507	0.2152619	2.865892
8922	-2365.991	-2436.164	70.17218	1.43455	0.2567608	2.83521
8928	-2361.39	-2431.477	70.08726	1.139325	0.2307969	3.105249
8934	-2370.915	-2441.346	70.43111	1.178319	0.210953	2.909183
8940	-2360.922	-2431.651	70.72882	1.420392	0.2298869	2.545873
8946	-2356.813	-2427.149	70.33551	1.515577	0.163792	2.851668
8952	-2350.495	-2422.096	71.60158	1.578111	0.2300819	1.878318
8958	-2356.954	-2428.776	71.82252	1.568199	0.3267784	1.561887
8964	-2354.16	-2426.33	72.16965	1.514246	0.2103153	1.561887
8970	-2363.858	-2435.787	71.92928	1.546141	0.2918849	1.558243
8976	-2364.727	-2436.768	72.04115	1.668146	0.2293124	1.503173
8982	-2362.837	-2434.363	71.52611	1.434365	0.1637433	2.1576
8988	-2361.222	-2431.555	70.33335	1.420099	0.2220455	2.802711
8994	-2357.79	-2428.488	70.69778	1.457812	0.1844471	2.624501
9000	-2362.802	-2433.862	71.05979	1.338845	0.2553707	2.346437
9006	-2357.688	-2428.861	71.17318	1.480206	0.2454783	2.199687
9012	-2350.009	-2421.063	71.05371	1.449805	0.2342616	2.315267
9018	-2357.66	-2429.559	71.89869	1.348739	0.2342616	1.824087
9024	-2354.819	-2425.551	70.73201	1.281589	0.2431303	2.607784
9030	-2349.817	-2420.355	70.53749	1.313114	0.2467286	2.702325
9036	-2359.722	-2430.307	70.58468	1.431746	0.1648525	2.748873
9042	-2358.781	-2430.05	71.2686	1.413048	0.2864175	2.114212
9048	-2359.896	-2431.82	71.92424	1.441863	0.2803507	1.657684
9054	-2360	-2431.17	71.17041	1.262668	0.2803507	2.284574
9060	-2362.436	-2433.096	70.66	1.508722	0.3218965	2.391252
9066	-2360.496	-2432.136	71.6391	1.522664	0.1836031	1.982463
9072	-2365.728	-2436.734	71.00578	1.242075	0.3111891	2.356394
9078	-2368.319	-2439.445	71.12571	1.287454	0.3867915	2.147315
9084	-2366.01	-2437.476	71.46636	1.374782	0.2189906	2.124698
9090	-2363.694	-2435.063	71.36934	1.453015	0.1451388	2.288152
9096	-2376.986	-2447.785	70.7993	1.402143	0.1682049	2.628401
9102	-2372.967	-2443.338	70.37046	1.235046	0.2036554	2.924438
9108	-2387.228	-2458.593	71.36538	1.397154	0.2036554	2.204658
9114	-2369.932	-2438.425	68.49375	1.222333	0.1727135	4.084067
9120	-2357.865	-2429.248	71.38305	1.408726	0.2102983	2.173102
9126	-2364.49	-2435.072	70.58238	1.369835	0.366313	2.467927
9132	-2364.932	-2436.561	71.62955	1.447779	0.2046216	1.996161
9138	-2364.73	-2436.551	71.82192	1.447779	0.2684318	1.74675
9144	-2368.715	-2440.454	71.73891	1.499693	0.2487249	1.803519
9150	-2356.33	-2427.825	71.4949	1.526825	0.1592637	2.127503
9156	-2367.882	-2439.33	71.44831	1.314329	0.2051389	2.201763
9162	-2360.946	-2431.66	70.71435	1.266674	0.1979975	2.706362
9168	-2356.943	-2427.593	70.65002	1.28454	0.2043417	2.723263
9174	-2368.838	-2440.215	71.37635	1.341873	0.1429373	2.359515
9180	-2360.313	-2430.907	70.5941	1.246727	0.324749	2.592422
9186	-2367.452	-2437.595	70.14287	0.9257575	0.3179499	3.070767
9192	-2355.389	-2425.381	69.99124	1.102962	0.3066816	3.070767
9198	-2356.051	-2427.739	71.68783	1.529314	0.1799189	1.953141
9204	-2352.188	-2423.521	71.33284	1.489731	0.1593389	2.25635
9210	-2361.72	-2433.312	71.59157	1.36406	0.1461886	2.200003
9216	-2366.982	-2437.912	70.93008	1.337834	0.2353994	2.462308
9222	-2359.893	-2430.727	70.83408	1.322689	0.2297785	2.541357
9228	-2365.797	-2437.222	71.42532	1.480004	0.1983656	2.122049
9234	-2358.183	-2429.803	71.61976	1.579112	0.2388676	1.848891
9240	-2364.223	-2435.534	71.31173	1.685655	0.1779611	2.103127
9246	-2357.412	-2428.986	71.5739	1.683477	0.1548306	1.981783
9252	-2358.536	-2429.942	71.40594	1.585699	0.1159708	2.250008
9258	-2353.292	-2424.092	70.80089	1.547927	0.2096924	2.456813
9264	-2356.836	-2427.612	70.77592	1.332227	0.3294017	2.41902
9270	-2360.168	-2431.415	71.24729	1.557043	0.2578131	2.080244
9276	-2354.948	-2424.488	69.53929	1.242989	0.213649	3.396275
9282	-2354.15	-2425.66	71.5093	1.356098	0.213649	2.118798
9288	-2356.843	-2427.533	70.68909	1.452395	0.2502645	2.516657
9294	-2348.984	-2420.174	71.18964	1.350908	0.2502645	2.264291
9300	-2358.626	-2430.256	71.63083	1.634852	0.1809747	1.91816
9306	-2363.007	-2432.623	69.61615	1.339526	0.1371711	3.439725
9312	-2367.904	-2438.065	70.16149	1.330136	0.1269278	3.146327
9318	-2373.19	-2441.409	68.21844	1.238149	0.1658468	4.244333
9324	-2373.03	-2444.1	71.0705	1.353461	0.2543494	2.332015
9330	-2372.554	-2442.81	70.25613	1.230071	0.184609	3.030939
9336	-2371.509	-2443.752	72.24392	1.426905	0.1954495	1.603647
9342	-2367.526	-2438.832	71.30643	1.492957	0.1479461	2.296469
9348	-2365.85	-2436.959	71.10837	1.531758	0.1968202	2.296469
9354	-2364.307	-2435.529	71.22263	1.481923	0.1727474	2.303428
9360	-2364.856	-2434.818	69.96242	1.354885	0.178148	3.14389
9366	-2367.173	-2436.872	69.69905	1.358817	0.1846641	3.285313
9372	-2362.979	-2433.477	70.49741	1.45447	0.2753953	2.594927
9378	-2363.227	-2433.943	70.71619	1.433838	0.2156874	2.570109
9384	-2367.161	-2438.25	71.08919	1.617113	0.223236	2.204595
9390	-2362.831	-2433.763	70.93227	1.471437	0.2300686	2.385937
9396	-2375.383	-2446.388	71.00565	1.361153	0.2728999	2.338525
9402	-2357.522	-2428.725	71.20314	1.40287	0.1654559	2.381307
9408	-2358.283	-2429.896	71.61313	1.315176	0.2729269	1.972677
9414	-2364.586	-2435.154	70.56815	1.34104	0.134207	2.879557
9420	-2362.32	-2434.442	72.12233	1.701521	0.1370682	1.633488
9426	-2362.317	-2434.224	71.90654	1.539769	0.1314993	1.91106
9432	-2353.216	-2425.009	71.79273	1.495435	0.1923686	1.878852
9438	-2349.178	-2420.998	71.82005	1.522702	0.2473561	1.733417
9444	-2352.347	-2424.286	71.93953	1.67524	0.1956288	1.643751
9450	-2347.738	-2419.435	71.69771	1.402858	0.2240628	1.943198
9456	-2352.914	-2423.904	70.98939	1.408329	0.1500319	2.545021
9462	-2352.651	-2423.517	70.86578	1.418826	0.1736252	2.565938
9468	-2346.041	-2416.627	70.58569	1.368059	0.302499	2.55361
9474	-2354.466	-2425.98	71.51418	1.426363	0.3115523	1.902707
9480	-2359.124	-2430.82	71.69592	1.473492	0.2416112	1.86402
9486	-2355.358	-2426.112	70.75444	1.358836	0.3437499	2.396206
9492	-2364.515	-2435.354	70.83898	1.412758	0.4541113	2.170646
9498	-2361.48	-2433.05	71.57054	1.420422	0.2380489	1.990963
9504	-2354.797	-2426.351	71.55336	1.536181	0.2031255	1.990963
9510	-2360.621	-2433.034	72.41313	1.754352	0.2313649	1.127459
9516	-2368.784	-2440.892	72.10815	2.04439	0.351899	0.8493844
9522	-2362.192	-2434.65	72.45872	2.040282	0.2237601	0.8017813
9528	-2364.537	-2436.864	72.32694	1.821545	0.1942741	1.236666
9534	-2360.356	-2432.06	71.70418	1.50077	0.1508846	2.025832
9540	-2359.457	-2431.128	71.67151	1.406688	0.2919176	1.839892
9546	-2364.753	-2436.413	71.66034	1.438983	0.2597052	1.879619
9552	-2361.775	-2433.488	71.71389	1.375634	0.2597052	1.886293
9558	-2352.842	-2422.793	69.9508	1.288768	0.171083	3.203562
9564	-2354.364	-2425.495	71.13024	1.350649	0.2100415	2.372894
9570	-2353.236	-2424.221	70.98502	1.508938	0.2957489	2.221791
9576	-2347.986	-2419.099	71.11261	1.307468	0.2144225	2.403359
9582	-2353.454	-2424.309	70.85551	1.33755	0.2399371	2.501513
9588	-2352.711	-2422.744	70.03281	1.244928	0.2040403	3.120139
9594	-2355.729	-2427.136	71.4069	1.341712	0.2040403	2.21292
9600	-2356.338	-2426.884	70.54634	1.38886	0.2701004	2.613361
9606	-2352.604	-2424.033	71.42988	1.38886	0.2183476	2.140519
9612	-2356.203	-2427.143	70.94007	1.309573	0.2798977	2.401883
9618	-2350.065	-2421.318	71.25307	1.304059	0.1704049	2.401883
9624	-2350.813	-2421.899	71.08645	1.284722	0.2660482	2.346612
9630	-2356.027	-2427.379	71.352	1.412486	0.1509808	2.311955
9636	-2353.728	-2425.23	71.50148	1.471567	0.257934	1.967999
9642	-2351.583	-2422.685	71.1019	1.376271	0.191991	2.40862
9648	-2356.931	-2427.096	70.16573	1.210205	0.2873613	2.928914
9654	-2362.16	-2432.046	69.88594	1.036687	0.2452036	3.262522
9660	-2373.692	-2443.609	69.91702	1.297126	0.286028	3.028051
9666	-2367.268	-2438.24	70.97214	1.355187	0.2511145	2.398608
9672	-2368.666	-2438.213	69.54681	1.260934	0.1953745	3.412946
9678	-2368.965	-2440.049	71.08446	1.422199	0.1680276	2.438613
9684	-2366.356	-2436.801	70.44551	1.333417	0.2836685	2.689156
9690	-2359.554	-2429.908	70.35377	1.246608	0.1907715	2.950917
9696	-2356.752	-2427.693	70.94051	1.329133	0.2292466	2.471771
9702	-2360.448	-2431.556	71.10853	1.447709	0.3322454	2.127707
9708	-2356.204	-2428.115	71.91122	1.541049	0.1518784	1.856903
9714	-2358.057	-2430.012	71.95574	1.472758	0.2147252	1.736098
9720	-2355.826	-2426.767	70.94105	1.50619	0.2147252	2.385642
9726	-2362.76	-2434.081	71.32071	1.504826	0.1865137	2.197525
9732	-2356.259	-2427.319	71.05959	1.444175	0.1722351	2.431761
9738	-2365.296	-2436.057	70.76096	1.341843	0.2573457	2.529345
9744	-2368.69	-2439.928	71.23787	1.393012	0.1803461	2.334844
9750	-2365.236	-2436.483	71.24725	1.516056	0.2127202	2.187028
9756	-2363.911	-2435.294	71.38313	1.427702	0.2403601	2.106016
9762	-2358.131	-2428.049	69.91872	1.331684	0.3452169	2.925945
9768	-2354.065	-2425.621	71.55522	1.290392	0.2578944	2.052878
9774	-2352.124	-2423.445	71.32113	1.333099	0.3492232	2.039275
9780	-2360.144	-2430.597	70.45245	1.379878	0.3563022	2.555664
9786	-2356.903	-2428.307	71.40398	1.476447	0.1440707	2.25336
9792	-2358.902	-2430.082	71.18017	1.643183	0.1424826	2.293599
9798	-2367.18	-2439.253	72.07261	1.554003	0.2408648	1.54139
9804	-2362.487	-2434.539	72.05255	1.69229	0.2207072	1.494504
9810	-2359.738	-2431.703	71.96555	1.691545	0.2464848	1.507609
9816	-2358.237	-2430.393	72.15572	1.584084	0.1813353	1.585205
9822	-2361.942	-2433.885	71.94278	1.636705	0.1972248	1.66558
9828	-2362.853	-2434.31	71.45685	1.559402	0.2541026	1.945607
9834	-2365.929	-2437.183	71.25461	1.515066	0.3343949	1.98358
9840	-2360.679	-2431.741	71.06185	1.424087	0.21517	2.36032
9846	-2364.491	-2435.716	71.22468	1.375576	0.1773717	2.36032
9852	-2371.296	-2441.984	70.6887	1.341866	0.2756486	2.545693
9858	-2370.69	-2441.79	71.09942	1.479765	0.2756486	2.197943
9864	-2365.689	-2437.056	71.3673	1.492816	0.2042792	2.140081
9870	-2358.39	-2429.558	71.16785	1.598801	0.3446242	1.970882
9876	-2350.883	-2422.467	71.58355	1.53045	0.2050104	1.970882
9882	-2354.036	-2425.653	71.61787	1.646694	0.182948	1.914705
9888	-2360.086	-2431.248	71.16217	1.673859	0.2051138	2.15418
9894	-2355.703	-2426.396	70.69345	1.31493	0.383844	2.410415
9900	-2357.128	-2428.133	71.0057	1.48947	0.2791822	2.246562
9906	-2361.739	-2432.834	71.09546	1.48947	0.2508847	2.23472
9912	-2361.794	-2431.913	70.11816	1.253602	0.1394255	3.189855
9918	-2361.415	-2430.872	69.457	1.093723	0.1793997	3.59178
9924	-2353.567	-2425.16	71.5926	1.567894	0.2074449	1.93483
9930	-2355.231	-2426.066	70.83467	1.200739	0.2371938	2.604132
9936	-2358.966	-2429.55	70.58408	1.370636	0.1951476	2.727758
9942	-2353.986	-2424.706	70.72032	1.145868	0.2256429	2.727758
9948	-2355.612	-2426.154	70.54203	1.241118	0.1950465	2.832538
9954	-2363.585	-2434.464	70.87862	1.150806	0.2380622	2.606385
9960	-2355.209	-2425.792	70.58261	1.349291	0.2437215	2.657245
9966	-2364.632	-2434.056	69.42339	1.094363	0.1937757	3.584955
9972	-2358.447	-2428.562	70.11492	1.116348	0.2692417	3.042401
9978	-2358.429	-2429.292	70.86254	1.301081	0.2378775	2.523347
9984	-2350.573	-2422.047	71.47358	1.350414	0.2166123	2.140309
9990	-2355.259	-2427.252	71.99287	1.732025	0.1714843	1.619025
9996	-2358.869	-2430.651	71.78207	1.709679	0.2124349	1.696119
10002	-2358.388	-2429.765	71.3772	1.416477	0.3860582	1.895383
10008	-2356.223	-2427.906	71.68294	1.580102	0.1390036	2.015406
10014	-2357.973	-2429.426	71.4526	1.437006	0.2660311	2.009994
10020	-2361.641	-2432.569	70.92815	1.390631	0.2868467	2.347458
10026	-2368.229	-2439.839	71.6103	1.328843	0.2310487	2.038079
10032	-2358.837	-2430.635	71.79826	1.328843	0.1864946	1.999575
10038	-2362.139	-2433.723	71.58395	1.444933	0.1874089	2.062837
10044	-2365.648	-2437.336	71.68751	1.752331	0.1874089	1.78504
10050	-2367.07	-2439.114	72.04456	1.917881	0.1724654	1.440094
10056	-2360.16	-2431.981	71.8211	1.735769	0.1879133	1.701896
10062	-2365.837	-2437.52	71.68298	1.478537	0.3720607	1.658787
10068	-2364.408	-2435.588	71.18006	1.402257	0.1749483	2.376623
10074	-2369.307	-2440.28	70.97239	1.410703	0.1662401	2.519709
10080	-2362.541	-2434.344	71.80214	1.343017	0.1852194	1.99018
10086	-2354.275	-2424.186	69.91167	0.9669428	0.277434	3.240077
10092	-2354.047	-2425.154	71.10696	1.238819	0.277434	2.344793
10098	-2359.624	-2430.193	70.56845	1.239395	0.3440513	2.586885
10104	-2369.947	-2439.456	69.50846	1.277722	0.3758592	3.165779
10110	-2364.173	-2434.359	70.18623	1.288258	0.2526755	2.921622
10116	-2361.078	-2432.701	71.62251	1.553466	0.1644161	2.014385
10122	-2351.51	-2423.618	72.10761	1.770357	0.1913421	1.459098
10128	-2348.834	-2420.972	72.13711	1.793975	0.1710997	1.467383
10134	-2355.714	-2427.163	71.44929	1.370039	0.2136473	2.148884
10140	-2356.095	-2427.102	71.00693	1.470777	0.2292869	2.340371
10146	-2353.955	-2425.423	71.46865	1.667261	0.2912723	1.801158
10152	-2355.341	-2427.195	71.85495	1.454103	0.2179445	1.812862
10158	-2364.8	-2436.845	72.04563	1.622368	0.2707662	1.452431
10164	-2373.593	-2445.817	72.22421	1.439337	0.260555	1.475332
10170	-2372.097	-2443.883	71.78566	1.698942	0.2039529	1.718675
10176	-2358.5	-2431.044	72.54427	1.858117	0.1561202	1.123115
10182	-2365.874	-2438.047	72.17341	1.58585	0.1880318	1.555561
10188	-2370.272	-2441.608	71.33564	1.57253	0.3999337	1.798322
10194	-2365.376	-2435.488	70.11189	1.411973	0.4569926	2.627562
10200	-2359.978	-2431.697	71.71822	1.459853	0.1763423	1.986967
10206	-2364.977	-2436.303	71.32614	1.294266	0.2545023	2.205763
10212	-2360.683	-2432.567	71.88314	1.404947	0.192455	1.878721
10218	-2361.339	-2433.072	71.73251	1.51663	0.153157	1.991152
10224	-2357.192	-2428.806	71.61376	1.366337	0.2085329	2.053106
10230	-2360.418	-2431.394	70.97572	1.465259	0.2416521	2.342404
10236	-2355.324	-2426.535	71.21111	1.398453	0.1833341	2.342404
10242	-2356.042	-2426.846	70.80326	1.486963	0.1833341	2.5432
10248	-2353.591	-2425.645	72.05481	1.595854	0.2436453	1.518025
10254	-2363.613	-2433.766	70.15289	1.310956	0.2289972	2.966185
10260	-2368.871	-2440.285	71.41414	1.564316	0.1570654	2.160597
10266	-2364.016	-2435.523	71.50685	1.538947	0.1380258	2.160597
10272	-2365.55	-2436.971	71.42147	1.522966	0.1926823	2.107706
10278	-2366.024	-2437.548	71.52445	1.463699	0.1786682	2.107706
10284	-2366.834	-2438.165	71.33056	1.514393	0.1340007	2.299611
10290	-2371.51	-2442.175	70.66574	1.540698	0.1051451	2.76826
10296	-2367.899	-2438.735	70.8366	1.347731	0.1489887	2.67924
10302	-2368.373	-2436.702	68.32903	1.019067	0.23803	4.183711
10308	-2368.807	-2438.292	69.48529	1.072014	0.2395444	3.485827
10314	-2363.389	-2434.264	70.87557	1.615021	0.2186983	2.35099
10320	-2365.612	-2434.913	69.30131	1.317608	0.1334113	3.64388
10326	-2356.123	-2427.613	71.48964	1.320397	0.1886479	2.203273
10332	-2359.935	-2431.268	71.33269	1.669484	0.1450198	2.172528
10338	-2353.909	-2425.81	71.90123	1.547001	0.2599864	1.635133
10344	-2361.18	-2433.11	71.92973	1.67051	0.2599864	1.523908
10350	-2364.958	-2436.092	71.1339	1.338455	0.2346387	2.334458
10356	-2361.336	-2432.276	70.93982	1.377276	0.2346387	2.432699
10362	-2361.021	-2432.439	71.4173	1.501423	0.2093845	2.09192
10368	-2360.939	-2430.684	69.74431	1.16925	0.1879344	3.364244
10374	-2365.296	-2435.842	70.54599	1.421636	0.1908249	2.727924
10380	-2366.468	-2437.191	70.72368	1.342537	0.2614855	2.545541
10386	-2359.921	-2430.496	70.57522	1.302242	0.1901165	2.784327
10392	-2359.62	-2430.857	71.23753	1.649624	0.2672307	2.009627
10398	-2365.567	-2436.676	71.10816	1.283883	0.3061309	2.271804
10404	-2364.099	-2436.203	72.10427	1.480599	0.243313	1.567351
10410	-2371.088	-2442.961	71.87346	1.480443	0.1800985	1.860056
10416	-2356.067	-2427.179	71.11182	1.355863	0.2483504	2.314114
10422	-2362.06	-2432.392	70.33172	1.398007	0.23918	2.788504
10428	-2362.772	-2433.747	70.97534	1.507534	0.1767777	2.435678
10434	-2362.217	-2432.674	70.45676	1.584179	0.1219721	2.827851
10440	-2354.744	-2425.213	70.46884	1.24175	0.2418041	2.795881
10446	-2357.86	-2428.801	70.94163	1.54831	0.1799774	2.424805
10452	-2370.025	-2440.985	70.9604	1.725999	0.1415075	2.382944
10458	-2361.724	-2433.382	71.65857	1.61206	0.1942307	1.886928
10464	-2372.04	-2443.187	71.14659	1.579111	0.2768349	2.100573
10470	-2371.601	-2443.524	71.92281	1.754651	0.2264721	1.532772
10476	-2370.069	-2441.353	71.28436	1.592926	0.1411426	2.262144
10482	-2360.123	-2431.539	71.41576	1.509735	0.1527576	2.204575
10488	-2362.359	-2433.413	71.05328	1.517686	0.1418115	2.455004
10494	-2356.635	-2427.365	70.72994	1.646295	0.1044753	2.665921
10500	-2356.294	-2427.091	70.79773	1.59815	0.1225656	2.608943
10506	-2352.827	-2424.614	71.78762	1.661631	0.1898394	1.773273
10512	-2358.12	-2427.512	69.39228	1.342246	0.2066495	3.436144
10518	-2363.107	-2432.242	69.13457	1.483684	0.1593519	3.590798
10524	-2364.238	-2433.22	68.9817	1.091921	0.1593519	3.905066
10530	-2357.772	-2428	70.22787	1.143376	0.2331014	3.015021
10536	-2364.535	-2435.162	70.62723	1.614903	0.1663387	2.607068
10542	-2348.227	-2419.949	71.72184	1.444102	0.1921998	1.961831
10548	-2352.721	-2424.683	71.96219	1.623187	0.1935283	1.669372
10554	-2355.181	-2426.858	71.6773	1.354227	0.2790383	1.89292
10560	-2357.835	-2429.545	71.71026	1.457098	0.2544197	1.842389
10566	-2354.055	-2426.308	72.25275	1.465804	0.2079964	1.541296
10572	-2350.308	-2422.568	72.25939	1.540619	0.2554466	1.380386
10578	-2349.859	-2422.007	72.14819	1.521024	0.2896096	1.416294
10584	-2359.341	-2432.004	72.6632	1.830795	0.1545649	1.042969
10590	-2365.909	-2438.539	72.63063	1.634519	0.2289674	1.042969
10596	-2367.057	-2439.708	72.65132	1.729684	0.2289674	0.9250576
10602	-2359.252	-2431.635	72.38322	1.860334	0.1497515	1.278281
10608	-2360.305	-2432.362	72.05737	1.500537	0.1871561	1.702823
10614	-2366.097	-2437.704	71.60768	1.673412	0.3014509	1.682562
10620	-2358.367	-2429.664	71.29676	1.60687	0.2290553	2.065184
10626	-2369.299	-2441.215	71.91643	1.32164	0.2290553	1.840322
10632	-2370.418	-2441.071	70.65284	1.376338	0.1803537	2.710229
10638	-2351.636	-2420.909	69.27391	1.058186	0.1981852	3.684857
10644	-2361.725	-2431.882	70.15682	1.244338	0.244894	2.978052
10650	-2363.271	-2433.187	69.91586	1.198825	0.2094568	3.207545
10656	-2368.292	-2439.753	71.46044	1.37816	0.1792624	2.203837
10662	-2367.877	-2438.761	70.88387	1.416716	0.2286037	2.453469
10668	-2366.7	-2436.246	69.54604	1.392396	0.145095	3.43304
10674	-2354.8	-2426.138	71.33738	1.498712	0.23591	2.097301
10680	-2360.781	-2432.055	71.27338	1.304999	0.4165625	2.000749
10686	-2351.611	-2421.331	69.72029	1.222114	0.2914158	3.182338
10692	-2352.659	-2422.385	69.72652	1.266601	0.2110359	3.276702
10698	-2358.933	-2428.342	69.40955	1.159588	0.2592385	3.448784
10704	-2352.738	-2421.672	68.93472	1.13311	0.3166758	3.660422
10710	-2352.058	-2421.445	69.38692	1.062337	0.2039746	3.606973
10716	-2350.527	-2420.111	69.58361	1.195305	0.2035446	3.415512
10722	-2355.802	-2426.703	70.90054	1.496195	0.2035446	2.43803
10728	-2355.948	-2427.059	71.11154	1.427149	0.2039085	2.347624
10734	-2361.115	-2432.807	71.69221	1.625049	0.1819029	1.88117
10740	-2363.751	-2434.589	70.83893	1.333559	0.2413122	2.512066
10746	-2360.615	-2431.396	70.78159	1.486294	0.2413122	2.452335
10752	-2362.863	-2433.648	70.78501	1.604938	0.1447168	2.561542
10758	-2360.321	-2430.287	69.96557	1.213373	0.233637	3.128995
10764	-2354.215	-2424.923	70.70852	1.433851	0.2340482	2.543044
10770	-2352.448	-2423.865	71.41653	1.62714	0.2574997	1.921215
10776	-2362.016	-2433.897	71.88084	1.515288	0.2574997	1.677009
10782	-2358.494	-2428.848	70.35396	1.372232	0.2394198	2.790262
10788	-2354.446	-2424.76	70.31336	1.28245	0.2858785	2.797868
10794	-2350.227	-2420.349	70.12194	1.324624	0.2451409	2.950351
10800	-2362.642	-2433.832	71.19019	1.281264	0.2371821	2.330651
10806	-2364.903	-2436.111	71.20798	1.502783	0.2837875	2.099278
10812	-2369.707	-2441.011	71.30387	1.382758	0.3128935	2.070367
10818	-2375.291	-2446.471	71.18038	1.50064	0.3153726	2.070367
10824	-2368.045	-2439.471	71.42516	1.46016	0.2328634	2.070367
10830	-2361.885	-2433.102	71.21665	1.525765	0.1954325	2.233526
10836	-2351.248	-2421.911	70.66299	1.353296	0.2440593	2.604599
10842	-2355.353	-2426.386	71.03328	1.263949	0.2884859	2.358648
10848	-2359.564	-2430.386	70.82261	1.382945	0.1698928	2.622437
10854	-2361.435	-2430.643	69.20827	1.205901	0.2724735	3.519812
10860	-2357.778	-2427.141	69.3633	1.1635	0.2002623	3.56833
10866	-2353.35	-2423.032	69.68197	1.178007	0.2098681	3.357085
10872	-2355.024	-2424.456	69.43226	1.128466	0.1752047	3.593768
10878	-2356.283	-2427.747	71.46346	1.414786	0.1575648	2.224404
10884	-2351.684	-2422.669	70.98557	1.37857	0.293848	2.307961
10890	-2360.1	-2431.536	71.43652	1.329051	0.2375469	2.140558
10896	-2358.085	-2429.512	71.42689	1.549714	0.298851	1.898102
10902	-2363.119	-2433.255	70.13641	1.323015	0.298851	2.862027
10908	-2354.101	-2424.701	70.59997	1.259004	0.2303349	2.724233
10914	-2357.923	-2428.359	70.43617	1.297338	0.1786496	2.893489
10920	-2358.396	-2428.546	70.15014	1.100328	0.2159315	3.115813
10926	-2357.082	-2428.079	70.99656	1.159086	0.2966914	2.435823
10932	-2362.382	-2433.944	71.56279	1.381278	0.187055	2.119299
10938	-2363.95	-2434.953	71.00353	1.564317	0.1322688	2.478933
10944	-2356.578	-2426.709	70.13085	1.314637	0.2508545	2.941957
10950	-2354.748	-2425.42	70.672	1.224359	0.2555457	2.66008
10956	-2353.762	-2424.24	70.47873	1.171609	0.2302189	2.851546
10962	-2365.308	-2435.768	70.46082	1.410802	0.2902508	2.622333
10968	-2360.737	-2430.616	69.87965	1.559002	0.1411594	3.146409
10974	-2359.256	-2429.427	70.17119	1.032542	0.2106593	3.152642
10980	-2361.768	-2433.613	71.84483	1.517414	0.144063	1.936766
10986	-2363.585	-2435.58	71.99499	1.454529	0.2061206	1.738861
10992	-2366.295	-2437.791	71.49596	1.573558	0.2240154	1.964155
10998	-2362.118	-2432.849	70.73097	1.44331	0.2240154	2.540408
11004	-2357.695	-2429.226	71.5302	1.513618	0.2345078	1.962001
11010	-2351.343	-2422.763	71.41969	1.476359	0.2122689	2.10132
11016	-2355.809	-2427.106	71.29777	1.356563	0.2040574	2.273552
11022	-2350.534	-2421.679	71.14584	1.34932	0.262288	2.273552
11028	-2354.56	-2425.917	71.35665	1.403817	0.1391261	2.341442
11034	-2362.625	-2433.84	71.21519	1.26723	0.3548844	2.144362
11040	-2352.605	-2423.991	71.38597	1.223818	0.2333127	2.248872
11046	-2351.032	-2422.811	71.7798	1.560331	0.1849376	1.859054
11052	-2356.061	-2427.842	71.78065	1.691551	0.1569311	1.831267
11058	-2352.964	-2425.263	72.29907	1.485795	0.1823755	1.549708
11064	-2356.634	-2428.039	71.40513	1.269551	0.3056915	2.089061
11070	-2358.494	-2430.456	71.96154	1.459813	0.2983145	1.586779
11076	-2355.978	-2428.202	72.22313	1.607236	0.2910527	1.285586
11082	-2360.434	-2432.029	71.59456	1.376372	0.2552947	1.973961
11088	-2357.816	-2429.511	71.69492	1.403882	0.2559637	1.886507
11094	-2352.633	-2424.359	71.72631	1.578847	0.183255	1.886507
11100	-2355.015	-2425.85	70.83469	1.358728	0.348733	2.338697
11106	-2359.986	-2430.952	70.96566	1.383487	0.1952895	2.483401
11112	-2354.343	-2425.332	70.9889	1.199454	0.1980131	2.578474
11118	-2353.224	-2424.284	71.05959	1.18857	0.2615987	2.431515
11124	-2358.534	-2430.222	71.68793	1.275913	0.2894274	1.921803
11130	-2361.077	-2432.649	71.5726	1.326977	0.1939174	2.134593
11136	-2359.399	-2431.254	71.85499	1.326977	0.1939174	1.947542
11142	-2355.681	-2426.647	70.96661	1.56495	0.1458285	2.470702
11148	-2357.465	-2429.326	71.86146	1.507846	0.2423904	1.723984
11154	-2356.548	-2428.209	71.66148	1.575954	0.2238278	1.850712
11160	-2359.207	-2430.625	71.41854	1.685433	0.2553888	1.883996
11166	-2353.411	-2423.546	70.13493	1.224267	0.3449606	2.860514
11172	-2348.748	-2420.432	71.68418	1.466671	0.188789	1.978964
11178	-2355.719	-2427.188	71.46912	1.403616	0.1993976	2.141314
11184	-2358.302	-2429.195	70.89291	1.259498	0.2486772	2.512436
11190	-2354.489	-2425.389	70.9004	1.358919	0.2035857	2.524007
11196	-2359.047	-2429.651	70.60432	1.363036	0.2180417	2.678805
11202	-2355.014	-2425.38	70.36593	1.323755	0.2762434	2.754893
11208	-2360.808	-2430.913	70.10578	1.202132	0.2436791	3.035903
11214	-2363.443	-2433.295	69.85243	1.017976	0.2032648	3.362334
11220	-2363.284	-2435.41	72.12551	1.510851	0.1737749	1.677231
11226	-2358.358	-2429.349	70.99064	1.319725	0.207791	2.484396
11232	-2361.08	-2432.101	71.02098	1.172621	0.2189002	2.537338
11238	-2356.83	-2427.525	70.69529	1.260281	0.2428612	2.644068
11244	-2362.521	-2433.122	70.60138	1.415089	0.3509411	2.447606
11250	-2364.969	-2436.351	71.38108	1.322373	0.2661469	2.132508
11256	-2363.789	-2435.899	72.10944	1.509686	0.1949765	1.642044
11262	-2360.66	-2432.727	72.06685	1.586577	0.2105672	1.583685
11268	-2361.19	-2431.843	70.65371	1.496455	0.2269433	2.550338
11274	-2352.368	-2423.75	71.38221	1.496455	0.1758591	2.18494
11280	-2358.763	-2428.779	70.01614	1.417913	0.1397244	3.152231
11286	-2357.711	-2429.375	71.66313	1.55927	0.1189399	2.092461
11292	-2359.886	-2431.506	71.61973	1.792143	0.0917771	2.041925
11298	-2354.654	-2426.111	71.4565	1.377693	0.3569213	1.907946
11304	-2358.819	-2429.746	70.92678	1.322921	0.2310206	2.481209
11310	-2359.926	-2429.647	69.72095	1.198498	0.3230336	3.152873
11316	-2357.879	-2428.584	70.70529	1.162085	0.2308385	2.718242
11322	-2358.123	-2429.195	71.07199	1.294713	0.2438985	2.385715
11328	-2361.151	-2432.749	71.59792	1.442286	0.1668337	2.098776
11334	-2358.585	-2429.187	70.60165	1.282555	0.2220476	2.722881
11340	-2360.799	-2431.604	70.80577	1.374039	0.1231143	2.740519
11346	-2356.185	-2427.278	71.09336	1.371593	0.1231143	2.564813
11352	-2357.844	-2427.123	69.27882	1.08301	0.2974398	3.515268
11358	-2350.404	-2421.665	71.2605	1.497963	0.2500839	2.123464
11364	-2353.535	-2424.665	71.13028	1.46809	0.1809968	2.3542
11370	-2354.69	-2426.364	71.674	1.495729	0.1543641	2.041171
11376	-2362.832	-2433.628	70.7961	1.436547	0.1154076	2.726708
11382	-2367.334	-2438.77	71.43549	1.362548	0.2063811	2.176455
11388	-2361.376	-2433.218	71.84162	1.474551	0.2392598	1.767085
11394	-2352.552	-2424.948	72.39538	1.712898	0.2392598	1.161013
11400	-2359.823	-2432.316	72.49285	1.899851	0.1937612	1.0181
